m01s00i002,DALLRH,T6HR,UP7,6hrLev,ua,CMIP6-core
m01s00i002,DALLRH,T6HRMN,UP7,6hrPlev,ua100m,CMIP6-core
m01s00i002,DALLRH,TMONMN,UP4,AERmon,ua,CMIP6-core
m01s00i003,DALLRH,T6HR,UP7,6hrLev,va,CMIP6-core
m01s00i003,DALLRH,T6HRMN,UP7,6hrPlev,va100m,CMIP6-core
m01s00i003,DALLRH,TMONMN,UP4,AERmon,va,CMIP6-core
m01s00i010,DALLTH,T6HR,UP7,6hrLev,hus,CMIP6-core
m01s00i010,DALLTH,TMONMN,UP5,CFmon,hus,CMIP6-core
m01s00i024,DIAG,T3HR,UP8,CF3hr,ts,CMIP6-N96HGM3
m01s00i024,DIAG,TDAYMN,UP6,Eday,ts,CMIP6-core
m01s00i024,DIAG,TDAYMN,UP6,Eday,tsns,CMIP6-core
m01s00i024,DIAG,TMONMN,UP5,Amon,ts,CMIP6-core
m01s00i024,DIAG,TMONMN,UP5,Emon,tslsiLut,CMIP6-N96HGM3
m01s00i030,DIAG,TMONMN,UP5,Omon,fgdms,CMIP6-core
m01s00i031,DIAG,TDAYMN,UP6,SIday,siconca,CMIP6-core
m01s00i031,DIAG,TDAYMN,UP6,SIday,sitemptop,CMIP6-core
m01s00i031,DIAG,TMONMN,UP5,SImon,siconca,CMIP6-core
m01s00i031,DIAG,TMONMN,UP5,SImon,sidragtop,CMIP6-core
m01s00i031,DIAG,TMONMN,UP5,SImon,sifllwdtop,CMIP6-core
m01s00i031,DIAG,TMONMN,UP5,SImon,sifllwutop,CMIP6-core
m01s00i031,DIAG,TMONMN,UP5,SImon,siflswdtop,CMIP6-core
m01s00i031,DIAG,TMONMN,UP5,SImon,siflswutop,CMIP6-core
m01s00i031,DIAG,TMONMN,UP5,SImon,sitemptop,CMIP6-core
m01s00i033,DIAG,T6HR,UP7,6hrLev,ec550aer,CMIP6-N96HGM3
m01s00i033,DIAG,T6HR,UP7,6hrLev,hus,CMIP6-core
m01s00i033,DIAG,T6HR,UP7,6hrLev,pfull,CMIP6-N96HGM3
m01s00i033,DIAG,T6HR,UP7,6hrLev,ta,CMIP6-core
m01s00i033,DIAG,T6HR,UP7,6hrLev,ua,CMIP6-core
m01s00i033,DIAG,T6HR,UP7,6hrLev,va,CMIP6-core
m01s00i033,DIAG,T6HRMN,UP7,6hrPlev,ua100m,CMIP6-core
m01s00i033,DIAG,T6HRMN,UP7,6hrPlev,va100m,CMIP6-core
m01s00i033,DIAG,TDAYMN,UP6,CFday,cl,CMIP6-core
m01s00i033,DIAG,TDAYMN,UP6,CFday,cli,CMIP6-core
m01s00i033,DIAG,TDAYMN,UP6,CFday,clw,CMIP6-core
m01s00i033,DIAG,TDAYMN,UP6,CFday,mc,CMIP6-core
m01s00i033,DIAG,TDAYMN,UP6,CFday,pfull,CMIP6-core
m01s00i033,DIAG,TDAYMN,UP6,CFday,phalf,CMIP6-core
m01s00i033,DIAG,TMONMN,UP4,AERmon,airmass,CMIP6-N96HGM3
m01s00i033,DIAG,TMONMN,UP4,AERmon,c2h6,CMIP6-N96HGM3
m01s00i033,DIAG,TMONMN,UP4,AERmon,c3h8,CMIP6-N96HGM3
m01s00i033,DIAG,TMONMN,UP4,AERmon,cdnc,CMIP6-N96HGM3
m01s00i033,DIAG,TMONMN,UP4,AERmon,ch3coch3,CMIP6-N96HGM3
m01s00i033,DIAG,TMONMN,UP4,AERmon,ch4,CMIP6-N96HGM3
m01s00i033,DIAG,TMONMN,UP4,AERmon,cheaqpso4,CMIP6-N96HGM3
m01s00i033,DIAG,TMONMN,UP4,AERmon,chegpso4,CMIP6-N96HGM3
m01s00i033,DIAG,TMONMN,UP4,AERmon,co,CMIP6-N96HGM3
m01s00i033,DIAG,TMONMN,UP4,AERmon,co2,CMIP6-N96HGM3
m01s00i033,DIAG,TMONMN,UP4,AERmon,dms,CMIP6-N96HGM3
m01s00i033,DIAG,TMONMN,UP4,AERmon,emilnox,CMIP6-N96HGM3
m01s00i033,DIAG,TMONMN,UP4,AERmon,hcho,CMIP6-N96HGM3
m01s00i033,DIAG,TMONMN,UP4,AERmon,hcl,CMIP6-N96HGM3
m01s00i033,DIAG,TMONMN,UP4,AERmon,hno3,CMIP6-N96HGM3
m01s00i033,DIAG,TMONMN,UP4,AERmon,isop,CMIP6-N96HGM3
m01s00i033,DIAG,TMONMN,UP4,AERmon,jno2,CMIP6-N96HGM3
m01s00i033,DIAG,TMONMN,UP4,AERmon,lossch4,CMIP6-N96HGM3
m01s00i033,DIAG,TMONMN,UP4,AERmon,lossco,CMIP6-N96HGM3
m01s00i033,DIAG,TMONMN,UP4,AERmon,mmraerh2o,CMIP6-N96HGM3
m01s00i033,DIAG,TMONMN,UP4,AERmon,mmrbc,CMIP6-N96HGM3
m01s00i033,DIAG,TMONMN,UP4,AERmon,mmrdust,CMIP6-N96HGM3
m01s00i033,DIAG,TMONMN,UP4,AERmon,mmroa,CMIP6-N96HGM3
m01s00i033,DIAG,TMONMN,UP4,AERmon,mmrso4,CMIP6-N96HGM3
m01s00i033,DIAG,TMONMN,UP4,AERmon,mmrss,CMIP6-N96HGM3
m01s00i033,DIAG,TMONMN,UP4,AERmon,n2o,CMIP6-N96HGM3
m01s00i033,DIAG,TMONMN,UP4,AERmon,no,CMIP6-N96HGM3
m01s00i033,DIAG,TMONMN,UP4,AERmon,no2,CMIP6-N96HGM3
m01s00i033,DIAG,TMONMN,UP4,AERmon,o3,CMIP6-N96HGM3
m01s00i033,DIAG,TMONMN,UP4,AERmon,o3loss,CMIP6-N96HGM3
m01s00i033,DIAG,TMONMN,UP4,AERmon,o3prod,CMIP6-N96HGM3
m01s00i033,DIAG,TMONMN,UP4,AERmon,oh,CMIP6-N96HGM3
m01s00i033,DIAG,TMONMN,UP4,AERmon,pan,CMIP6-N96HGM3
m01s00i033,DIAG,TMONMN,UP4,AERmon,pfull,CMIP6-N96HGM3
m01s00i033,DIAG,TMONMN,UP4,AERmon,phalf,CMIP6-N96HGM3
m01s00i033,DIAG,TMONMN,UP4,AERmon,photo1d,CMIP6-N96HGM3
m01s00i033,DIAG,TMONMN,UP4,AERmon,so2,CMIP6-N96HGM3
m01s00i033,DIAG,TMONMN,UP4,AERmon,ua,CMIP6-core
m01s00i033,DIAG,TMONMN,UP4,AERmon,va,CMIP6-core
m01s00i033,DIAG,TMONMN,UP4,AERmon,wa,CMIP6-N96HGM3
m01s00i033,DIAG,TMONMN,UP4,AERmon,zg,CMIP6-N96HGM3
m01s00i033,DIAG,TMONMN,UP4,AERmon,ztp,CMIP6-core
m01s00i033,DIAG,TMONMN,UP5,Amon,cl,CMIP6-core
m01s00i033,DIAG,TMONMN,UP5,Amon,cli,CMIP6-core
m01s00i033,DIAG,TMONMN,UP5,Amon,clw,CMIP6-core
m01s00i033,DIAG,TMONMN,UP5,Amon,mc,CMIP6-core
m01s00i033,DIAG,TMONMN,UP5,Amon,pfull,CMIP6-core
m01s00i033,DIAG,TMONMN,UP5,Amon,phalf,CMIP6-core
m01s00i033,DIAG,TMONMN,UP5,CFmon,clc,CMIP6-core
m01s00i033,DIAG,TMONMN,UP5,CFmon,clic,CMIP6-core
m01s00i033,DIAG,TMONMN,UP5,CFmon,clis,CMIP6-core
m01s00i033,DIAG,TMONMN,UP5,CFmon,cls,CMIP6-core
m01s00i033,DIAG,TMONMN,UP5,CFmon,clwc,CMIP6-core
m01s00i033,DIAG,TMONMN,UP5,CFmon,clws,CMIP6-core
m01s00i033,DIAG,TMONMN,UP5,CFmon,edt,CMIP6-core
m01s00i033,DIAG,TMONMN,UP5,CFmon,evu,CMIP6-core
m01s00i033,DIAG,TMONMN,UP5,CFmon,hur,CMIP6-core
m01s00i033,DIAG,TMONMN,UP5,CFmon,hus,CMIP6-core
m01s00i033,DIAG,TMONMN,UP5,CFmon,mcd,CMIP6-core
m01s00i033,DIAG,TMONMN,UP5,CFmon,mcu,CMIP6-core
m01s00i033,DIAG,TMONMN,UP5,CFmon,rld,CMIP6-core
m01s00i033,DIAG,TMONMN,UP5,CFmon,rldcs,CMIP6-core
m01s00i033,DIAG,TMONMN,UP5,CFmon,rlu,CMIP6-core
m01s00i033,DIAG,TMONMN,UP5,CFmon,rlucs,CMIP6-core
m01s00i033,DIAG,TMONMN,UP5,CFmon,rsd,CMIP6-core
m01s00i033,DIAG,TMONMN,UP5,CFmon,rsdcs,CMIP6-core
m01s00i033,DIAG,TMONMN,UP5,CFmon,rsu,CMIP6-core
m01s00i033,DIAG,TMONMN,UP5,CFmon,rsucs,CMIP6-core
m01s00i033,DIAG,TMONMN,UP5,CFmon,ta,CMIP6-core
m01s00i033,DIAG,TMONMN,UP5,Emon,co23D,CMIP6-N96HGM3
m01s00i033,DIAG,TMONMN,UP5,Emon,conccmcn,CMIP6-N96HGM3
m01s00i033,DIAG,TMONMN,UP5,Emon,conccn,CMIP6-N96HGM3
m01s00i033,DIAG,TMONMN,UP5,Emon,concdust,CMIP6-N96HGM3
m01s00i033,DIAG,TMONMN,UP5,Emon,concnmcn,CMIP6-N96HGM3
m01s00i033,DIAG,TMONMN,UP5,Emon,ec550aer,CMIP6-N96HGM3
m01s00i033,DIAG,TMONMN,UP5,Emon,orog,CMIP6-core
m01s00i033,DIAG,TMONMN,UP5,Emon,reffclic,CMIP6-N96HGM3
m01s00i033,DIAG,TMONMN,UP5,Emon,reffclis,CMIP6-N96HGM3
m01s00i033,DIAG,TMONMN,UP5,Emon,reffclwc,CMIP6-N96HGM3
m01s00i033,DIAG,TMONMN,UP5,Emon,reffclws,CMIP6-N96HGM3
m01s00i033,DIAG,TMONMN,UP5,Emon,t2,CMIP6-core
m01s00i033,DIAG,TMONMN,UP5,Emon,u2,CMIP6-core
m01s00i033,DIAG,TMONMN,UP5,Emon,ut,CMIP6-core
m01s00i033,DIAG,TMONMN,UP5,Emon,uv,CMIP6-core
m01s00i033,DIAG,TMONMN,UP5,Emon,v2,CMIP6-core
m01s00i033,DIAG,TMONMN,UP5,Emon,vt,CMIP6-core
m01s00i033,DIAG,TMONMN,UP5,Emon,wap,CMIP6-core
m01s00i033,DIAG,TMONMN,UP5,LImon,orogIs,CMIP6-core
m01s00i033,DIAG,TMONMN,UPU,AERmon,tntrl,CMIP6-N96HGM3
m01s00i033,DIAG,TMONMN,UPU,AERmon,tntrs,CMIP6-N96HGM3
m01s00i033,DIAG,TMONMN,UPU,CFmon,tnhus,CMIP6-core
m01s00i033,DIAG,TMONMN,UPU,CFmon,tnhusa,CMIP6-core
m01s00i033,DIAG,TMONMN,UPU,CFmon,tnhusc,CMIP6-core
m01s00i033,DIAG,TMONMN,UPU,CFmon,tnhusscpbl,CMIP6-core
m01s00i033,DIAG,TMONMN,UPU,CFmon,tnt,CMIP6-core
m01s00i033,DIAG,TMONMN,UPU,CFmon,tnta,CMIP6-core
m01s00i033,DIAG,TMONMN,UPU,CFmon,tntc,CMIP6-core
m01s00i033,DIAG,TMONMN,UPU,CFmon,tntr,CMIP6-core
m01s00i033,DIAG,TMONMN,UPU,CFmon,tntscpbl,CMIP6-core
m01s00i033,DIAG,TMONMN,UPU,Emon,tnhuspbl,CMIP6-N96HGM3
m01s00i033,DIAG,TMONMN,UPU,Emon,tnhusscp,CMIP6-N96HGM3
m01s00i033,DIAG,TMONMN,UPU,Emon,tntpbl,CMIP6-N96HGM3
m01s00i033,DIAG,TMONMN,UPU,Emon,tntrlcs,CMIP6-N96HGM3
m01s00i033,DIAG,TMONMN,UPU,Emon,tntrscs,CMIP6-N96HGM3
m01s00i033,DIAG,TMONMN,UPU,Emon,tntscp,CMIP6-N96HGM3
m01s00i049,DIAG,T3HR,UP8,3hr,tslsi,CMIP6-core
m01s00i049,DIAG,TDAYMN,UP6,day,tslsi,CMIP6-core
m01s00i150,DALLTH,TMONMN,UP4,AERmon,wa,CMIP6-N96HGM3
m01s00i251,DIAG,TMONMN,UP5,Amon,fco2antt,CMIP6-core
m01s00i251,DIAG,TMONMN,UP5,Amon,fco2fos,CMIP6-core
m01s00i252,DALLTH,TMONMN,UP4,AERmon,co2,CMIP6-N96HGM3
m01s00i252,DALLTH,TMONMN,UP5,Emon,co23D,CMIP6-N96HGM3
m01s00i252,DALLTH,TMONMN,UP5,Emon,co2s,CMIP6-core
m01s00i407,DALLRHP1,TDAYMN,UP6,CFday,mc,CMIP6-core
m01s00i407,DALLRHP1,TDAYMN,UP6,CFday,phalf,CMIP6-core
m01s00i407,DALLRHP1,TDAYMN,UP6,Eday,ccldncl,CMIP6-N96HGM3
m01s00i407,DALLRHP1,TDAYMN,UP6,Eday,reffcclwtop,CMIP6-N96HGM3
m01s00i407,DALLRHP1,TDAYMN,UP6,Eday,reffsclwtop,CMIP6-N96HGM3
m01s00i407,DALLRHP1,TDAYMN,UP6,Eday,scldncl,CMIP6-N96HGM3
m01s00i407,DALLRHP1,TMONMN,UP4,AERmon,phalf,CMIP6-N96HGM3
m01s00i407,DALLRHP1,TMONMN,UP5,Amon,mc,CMIP6-core
m01s00i407,DALLRHP1,TMONMN,UP5,Amon,phalf,CMIP6-core
m01s00i407,DALLRHP1,TMONMN,UP5,CFmon,mcd,CMIP6-core
m01s00i407,DALLRHP1,TMONMN,UP5,CFmon,mcu,CMIP6-core
m01s00i408,DALLTH,T6HR,UP7,6hrLev,pfull,CMIP6-N96HGM3
m01s00i408,DALLTH,TDAYMN,UP6,CFday,pfull,CMIP6-core
m01s00i408,DALLTH,TMONMN,UP4,AERmon,pfull,CMIP6-N96HGM3
m01s00i408,DALLTH,TMONMN,UP5,Amon,pfull,CMIP6-core
m01s00i409,DIAG,T1HRMN,UP9,AERhr,ps,CMIP6-N96HGM3
m01s00i409,DIAG,T3HR,UP8,3hr,ps,CMIP6-core
m01s00i409,DIAG,T3HR,UP8,CF3hr,ps,CMIP6-core
m01s00i409,DIAG,T3HR,UP8,E3hrPt,ps,CMIP6-core
m01s00i409,DIAG,T6HR,UP7,6hrLev,ps,CMIP6-core
m01s00i409,DIAG,TDAYMN,UP6,CFday,ps,CMIP6-core
m01s00i409,DIAG,TDAYMN,UP6,Eday,ccldncl,CMIP6-N96HGM3
m01s00i409,DIAG,TDAYMN,UP6,Eday,reffcclwtop,CMIP6-N96HGM3
m01s00i409,DIAG,TDAYMN,UP6,Eday,reffsclwtop,CMIP6-N96HGM3
m01s00i409,DIAG,TDAYMN,UP6,Eday,scldncl,CMIP6-N96HGM3
m01s00i409,DIAG,TMONMN,UP4,AERmon,ps,CMIP6-N96HGM3
m01s00i409,DIAG,TMONMN,UP5,Amon,ps,CMIP6-core
m01s00i409,DIAG,TMONMN,UP5,CFmon,ps,CMIP6-core
m01s00i409,DIAG,TMONMN,UP5,Emon,ps,CMIP6-core
m01s00i431,DALLTH,TMONMN,UP4,AERmon,mmrdust,CMIP6-N96HGM3
m01s00i432,DALLTH,TMONMN,UP4,AERmon,mmrdust,CMIP6-N96HGM3
m01s00i433,DALLTH,TMONMN,UP4,AERmon,mmrdust,CMIP6-N96HGM3
m01s00i434,DALLTH,TMONMN,UP4,AERmon,mmrdust,CMIP6-N96HGM3
m01s00i435,DALLTH,TMONMN,UP4,AERmon,mmrdust,CMIP6-N96HGM3
m01s00i436,DALLTH,TMONMN,UP4,AERmon,mmrdust,CMIP6-N96HGM3
m01s00i448,DIAG,TMONMN,UP5,Amon,fco2nat,CMIP6-core
m01s00i458,DIAG,TMONMN,UP5,Amon,fco2nat,CMIP6-core
m01s01i161,DALLTH,TMONMN,UPU,AERmon,tntrs,CMIP6-N96HGM3
m01s01i161,DALLTH,TMONMN,UPU,CFmon,tntr,CMIP6-core
m01s01i161,DALLTH,TMONMN,UPU,CFmon,tntscpbl,CMIP6-core
m01s01i161,DALLTH,TMONMN,UPU,Emon,tntscp,CMIP6-N96HGM3
m01s01i181,DALLTH,TMONMN,UPU,CFmon,tnta,CMIP6-core
m01s01i181,DALLTH,TMONMN,UPU,CFmon,tntscpbl,CMIP6-core
m01s01i181,DALLTH,TMONMN,UPU,Emon,tntscp,CMIP6-N96HGM3
m01s01i182,DALLTH,TMONMN,UPU,CFmon,tnhusa,CMIP6-core
m01s01i182,DALLTH,TMONMN,UPU,CFmon,tnhusscpbl,CMIP6-core
m01s01i182,DALLTH,TMONMN,UPU,Emon,tnhusscp,CMIP6-N96HGM3
m01s01i201,DIAG,T3HR,UP8,CF3hr,rsus,CMIP6-N96HGM3
m01s01i201,DIAG,T3HRMN,UP8,3hr,rsus,CMIP6-core
m01s01i201,DIAG,TDAYMN,UP6,Eday,rss,CMIP6-core
m01s01i201,DIAG,TDAYMN,UP6,day,rsus,CMIP6-core
m01s01i201,DIAG,TMONMN,UP5,Amon,rsus,CMIP6-core
m01s01i201,DIAG,TMONMN,UP5,Emon,rss,CMIP6-core
m01s01i207,DIAG,T1HRMN,UP9,E1hrClimMon,rsdt,CMIP6-N96HGM3
m01s01i207,DIAG,T3HR,UP8,CF3hr,rsdt,CMIP6-N96HGM3
m01s01i207,DIAG,T3HR,UP8,CF3hr,rtmt,CMIP6-N96HGM3
m01s01i207,DIAG,TDAYMN,UP6,CFday,rsdt,CMIP6-core
m01s01i207,DIAG,TMONMN,UP5,Amon,rsdt,CMIP6-core
m01s01i207,DIAG,TMONMN,UP5,Amon,rtmt,CMIP6-core
m01s01i208,DIAG,T1HRMN,UP9,E1hrClimMon,rsut,CMIP6-N96HGM3
m01s01i208,DIAG,T3HR,UP8,CF3hr,rsut,CMIP6-N96HGM3
m01s01i208,DIAG,T3HR,UP8,CF3hr,rtmt,CMIP6-N96HGM3
m01s01i208,DIAG,TDAYMN,UP6,CFday,rsut,CMIP6-core
m01s01i208,DIAG,TMONMN,UP5,Amon,rsut,CMIP6-core
m01s01i208,DIAG,TMONMN,UP5,Amon,rtmt,CMIP6-core
m01s01i209,DIAG,T1HRMN,UP9,E1hrClimMon,rsutcs,CMIP6-N96HGM3
m01s01i209,DIAG,T3HR,UP8,CF3hr,rsutcs,CMIP6-N96HGM3
m01s01i209,DIAG,T3HRMN,UP8,E3hr,rsutcs,CMIP6-core
m01s01i209,DIAG,TDAYMN,UP6,CFday,rsutcs,CMIP6-core
m01s01i209,DIAG,TMONMN,UP5,Amon,rsutcs,CMIP6-core
m01s01i210,DIAG,T3HR,UP8,CF3hr,rsdscs,CMIP6-N96HGM3
m01s01i210,DIAG,T3HRMN,UP8,3hr,rsdscs,CMIP6-core
m01s01i210,DIAG,TDAYMN,UP6,CFday,rsdscs,CMIP6-core
m01s01i210,DIAG,TMONMN,UP5,Amon,rsdscs,CMIP6-core
m01s01i211,DIAG,T3HR,UP8,CF3hr,rsuscs,CMIP6-N96HGM3
m01s01i211,DIAG,T3HRMN,UP8,3hr,rsuscs,CMIP6-core
m01s01i211,DIAG,TDAYMN,UP6,CFday,rsuscs,CMIP6-core
m01s01i211,DIAG,TMONMN,UP5,Amon,rsuscs,CMIP6-core
m01s01i216,DIAG,T3HRMN,UP8,3hr,rsdsdiff,CMIP6-core
m01s01i216,DIAG,TDAYMN,UP6,Eday,rsdsdiff,CMIP6-N96HGM3
m01s01i216,DIAG,TMONMN,UP5,Emon,rsdsdiff,CMIP6-N96HGM3
m01s01i217,DALLRHP1,TMONMN,UP5,CFmon,rsu,CMIP6-core
m01s01i218,DALLRHP1,TMONMN,UP5,CFmon,rsd,CMIP6-core
m01s01i219,DALLRHP1,TMONMN,UP5,CFmon,rsucs,CMIP6-core
m01s01i220,DALLRHP1,TMONMN,UP5,CFmon,rsdcs,CMIP6-core
m01s01i223,DALLTH,TMONMN,UP4,AERmon,cdnc,CMIP6-N96HGM3
m01s01i233,DALLTH,TMONMN,UPU,Emon,tntrscs,CMIP6-N96HGM3
m01s01i235,DIAG,T3HR,UP8,CF3hr,rsds,CMIP6-N96HGM3
m01s01i235,DIAG,T3HR,UP8,CF3hr,rsus,CMIP6-N96HGM3
m01s01i235,DIAG,T3HRMN,UP8,3hr,rsds,CMIP6-core
m01s01i235,DIAG,T3HRMN,UP8,3hr,rsus,CMIP6-core
m01s01i235,DIAG,TDAYMN,UP6,day,rsds,CMIP6-core
m01s01i235,DIAG,TDAYMN,UP6,day,rsus,CMIP6-core
m01s01i235,DIAG,TMONMN,UP5,Amon,rsds,CMIP6-core
m01s01i235,DIAG,TMONMN,UP5,Amon,rsus,CMIP6-core
m01s01i235,DIAG,TMONMN,UP5,Emon,rsusLut,CMIP6-N96HGM3
m01s01i235,DIAG,TMONMN,UP5,LImon,rsdsIs,CMIP6-core
m01s01i235,DIAG,TMONMN,UP5,LImon,rsusIs,CMIP6-core
m01s01i241,DALLTH,TMONMN,UP4,AERmon,cdnc,CMIP6-N96HGM3
m01s01i245,DIAG,TDAYMN,UP6,Eday,reffcclwtop,CMIP6-N96HGM3
m01s01i245,DIAG,TDAYMN,UP6,Eday,reffsclwtop,CMIP6-N96HGM3
m01s01i245,DIAG,TMONMN,UP4,AERmon,reffclwtop,CMIP6-core
m01s01i246,DIAG,TDAYMN,UP6,Eday,reffcclwtop,CMIP6-N96HGM3
m01s01i246,DIAG,TDAYMN,UP6,Eday,reffsclwtop,CMIP6-N96HGM3
m01s01i246,DIAG,TMONMN,UP4,AERmon,reffclwtop,CMIP6-core
m01s01i280,DIAG,TDAYMN,UP6,Eday,cldnvi,CMIP6-N96HGM3
m01s01i280,DIAG,TMONMN,UP5,Emon,cldnvi,CMIP6-N96HGM3
m01s01i281,DIAG,TDAYMN,UP6,Eday,cldnvi,CMIP6-N96HGM3
m01s01i281,DIAG,TMONMN,UP5,Emon,cldnvi,CMIP6-N96HGM3
m01s01i298,DIAG,TDAYMN,UP6,Eday,ccldncl,CMIP6-N96HGM3
m01s01i298,DIAG,TDAYMN,UP6,Eday,scldncl,CMIP6-N96HGM3
m01s01i298,DIAG,TMONMN,UP5,Emon,cldncl,CMIP6-N96HGM3
m01s01i299,DIAG,TDAYMN,UP6,Eday,ccldncl,CMIP6-N96HGM3
m01s01i299,DIAG,TDAYMN,UP6,Eday,scldncl,CMIP6-N96HGM3
m01s01i299,DIAG,TMONMN,UP5,Emon,cldncl,CMIP6-N96HGM3
m01s01i501,DIAG,TMONMN,UP5,SImon,siflswdtop,CMIP6-core
m01s01i503,DIAG,TMONMN,UP5,SImon,siflswutop,CMIP6-core
m01s01i517,DALLRHP1,TMONMN,UP4,AERmon,rsutaf,CMIP6-core
m01s01i519,DALLRHP1,TMONMN,UP4,AERmon,rsutcsaf,CMIP6-core
m01s02i161,DALLTH,TMONMN,UPU,AERmon,tntrl,CMIP6-N96HGM3
m01s02i161,DALLTH,TMONMN,UPU,CFmon,tntr,CMIP6-core
m01s02i161,DALLTH,TMONMN,UPU,CFmon,tntscpbl,CMIP6-core
m01s02i161,DALLTH,TMONMN,UPU,Emon,tntscp,CMIP6-N96HGM3
m01s02i181,DALLTH,TMONMN,UPU,CFmon,tnta,CMIP6-core
m01s02i181,DALLTH,TMONMN,UPU,CFmon,tntscpbl,CMIP6-core
m01s02i181,DALLTH,TMONMN,UPU,Emon,tntscp,CMIP6-N96HGM3
m01s02i182,DALLTH,TMONMN,UPU,CFmon,tnhusa,CMIP6-core
m01s02i182,DALLTH,TMONMN,UPU,CFmon,tnhusscpbl,CMIP6-core
m01s02i182,DALLTH,TMONMN,UPU,Emon,tnhusscp,CMIP6-N96HGM3
m01s02i201,DIAG,T3HR,UP8,CF3hr,rlus,CMIP6-N96HGM3
m01s02i201,DIAG,T3HRMN,UP8,3hr,rlus,CMIP6-core
m01s02i201,DIAG,TDAYMN,UP6,Eday,rls,CMIP6-core
m01s02i201,DIAG,TDAYMN,UP6,day,rlus,CMIP6-core
m01s02i201,DIAG,TMONMN,UP5,Amon,rlus,CMIP6-core
m01s02i201,DIAG,TMONMN,UP5,Emon,rls,CMIP6-core
m01s02i204,DIAG,T3HR,UP8,CF3hr,clt,CMIP6-N96HGM3
m01s02i204,DIAG,T3HRMN,UP8,3hr,clt,CMIP6-core
m01s02i204,DIAG,TDAYMN,UP6,Eday,clt,CMIP6-core
m01s02i204,DIAG,TDAYMN,UP6,day,clt,CMIP6-core
m01s02i204,DIAG,TMONMN,UP5,Amon,clt,CMIP6-core
m01s02i205,DIAG,T1HRMN,UP9,E1hrClimMon,rlutcs,CMIP6-N96HGM3
m01s02i205,DIAG,T3HR,UP8,CF3hr,rlus,CMIP6-N96HGM3
m01s02i205,DIAG,T3HR,UP8,CF3hr,rlutcs,CMIP6-N96HGM3
m01s02i205,DIAG,T3HRMN,UP8,3hr,rlus,CMIP6-core
m01s02i205,DIAG,TDAYMN,UP6,CFday,rlutcs,CMIP6-core
m01s02i205,DIAG,TDAYMN,UP6,Eday,rls,CMIP6-core
m01s02i205,DIAG,TDAYMN,UP6,day,rlus,CMIP6-core
m01s02i205,DIAG,TMONMN,UP4,AERmon,rlutaf,CMIP6-core
m01s02i205,DIAG,TMONMN,UP4,AERmon,rlutcsaf,CMIP6-core
m01s02i205,DIAG,TMONMN,UP5,Amon,rlus,CMIP6-core
m01s02i205,DIAG,TMONMN,UP5,Amon,rlutcs,CMIP6-core
m01s02i205,DIAG,TMONMN,UP5,CFmon,rlu,CMIP6-core
m01s02i205,DIAG,TMONMN,UP5,CFmon,rlucs,CMIP6-core
m01s02i205,DIAG,TMONMN,UP5,Emon,rls,CMIP6-core
m01s02i206,DIAG,T1HRMN,UP9,E1hrClimMon,rlutcs,CMIP6-N96HGM3
m01s02i206,DIAG,T3HR,UP8,CF3hr,rlutcs,CMIP6-N96HGM3
m01s02i206,DIAG,TDAYMN,UP6,CFday,rlutcs,CMIP6-core
m01s02i206,DIAG,TMONMN,UP5,Amon,rlutcs,CMIP6-core
m01s02i207,DIAG,T3HR,UP8,CF3hr,rlds,CMIP6-N96HGM3
m01s02i207,DIAG,T3HR,UP8,CF3hr,rlus,CMIP6-N96HGM3
m01s02i207,DIAG,T3HRMN,UP8,3hr,rlds,CMIP6-core
m01s02i207,DIAG,T3HRMN,UP8,3hr,rlus,CMIP6-core
m01s02i207,DIAG,TDAYMN,UP6,day,rlds,CMIP6-core
m01s02i207,DIAG,TDAYMN,UP6,day,rlus,CMIP6-core
m01s02i207,DIAG,TMONMN,UP5,Amon,rlds,CMIP6-core
m01s02i207,DIAG,TMONMN,UP5,Amon,rlus,CMIP6-core
m01s02i208,DIAG,T3HR,UP8,CF3hr,rldscs,CMIP6-N96HGM3
m01s02i208,DIAG,T3HRMN,UP8,3hr,rldscs,CMIP6-core
m01s02i208,DIAG,TDAYMN,UP6,CFday,rldscs,CMIP6-core
m01s02i208,DIAG,TMONMN,UP5,Amon,rldscs,CMIP6-core
m01s02i217,DALLRHP1,TMONMN,UP5,CFmon,rlu,CMIP6-core
m01s02i218,DALLRHP1,TMONMN,UP5,CFmon,rld,CMIP6-core
m01s02i219,DALLRHP1,TMONMN,UP5,CFmon,rlucs,CMIP6-core
m01s02i220,DALLRHP1,TMONMN,UP5,CFmon,rldcs,CMIP6-core
m01s02i233,DALLTH,TMONMN,UPU,Emon,tntrlcs,CMIP6-N96HGM3
m01s02i240,DIAGAOT,TMONMN,UP4,AERmon,abs550aer,CMIP6-core
m01s02i241,DIAGAOT,TMONMN,UP4,AERmon,abs550aer,CMIP6-core
m01s02i242,DIAGAOT,TMONMN,UP4,AERmon,abs550aer,CMIP6-core
m01s02i243,DIAGAOT,TMONMN,UP4,AERmon,abs550aer,CMIP6-core
m01s02i251,DIAGAOT,TMONMN,UP5,Emon,od550aerso,CMIP6-N96HGM3
m01s02i252,DIAGAOT,TMONMN,UP5,Emon,od550aerso,CMIP6-N96HGM3
m01s02i253,DIAGAOT,TMONMN,UP5,Emon,od550aerso,CMIP6-N96HGM3
m01s02i254,DIAGAOT,TMONMN,UP5,Emon,od550aerso,CMIP6-N96HGM3
m01s02i261,DALLTH,TDAYMN,UP6,CFday,cl,CMIP6-core
m01s02i261,DALLTH,TMONMN,UP5,Amon,cl,CMIP6-core
m01s02i285,DIAGAOT,TDAYMN,UP6,AERday,od550aer,CMIP6-N96HGM3
m01s02i285,DIAGAOT,TMONMN,UP4,AERmon,od440aer,CMIP6-core
m01s02i285,DIAGAOT,TMONMN,UP4,AERmon,od550aer,CMIP6-core
m01s02i285,DIAGAOT,TMONMN,UP4,AERmon,od550dust,CMIP6-core
m01s02i285,DIAGAOT,TMONMN,UP4,AERmon,od870aer,CMIP6-core
m01s02i285,DIAGAOT,TMONMN,UP5,Emon,od443dust,CMIP6-N96HGM3
m01s02i285,DIAGAOT,TMONMN,UP5,Emon,od865dust,CMIP6-N96HGM3
m01s02i300,DIAGAOT,TDAYMN,UP6,AERday,od550aer,CMIP6-N96HGM3
m01s02i300,DIAGAOT,TMONMN,UP4,AERmon,od440aer,CMIP6-core
m01s02i300,DIAGAOT,TMONMN,UP4,AERmon,od550aer,CMIP6-core
m01s02i300,DIAGAOT,TMONMN,UP4,AERmon,od550lt1aer,CMIP6-core
m01s02i300,DIAGAOT,TMONMN,UP4,AERmon,od870aer,CMIP6-core
m01s02i301,DIAGAOT,TDAYMN,UP6,AERday,od550aer,CMIP6-N96HGM3
m01s02i301,DIAGAOT,TMONMN,UP4,AERmon,od440aer,CMIP6-core
m01s02i301,DIAGAOT,TMONMN,UP4,AERmon,od550aer,CMIP6-core
m01s02i301,DIAGAOT,TMONMN,UP4,AERmon,od550lt1aer,CMIP6-core
m01s02i301,DIAGAOT,TMONMN,UP4,AERmon,od870aer,CMIP6-core
m01s02i302,DIAGAOT,TDAYMN,UP6,AERday,od550aer,CMIP6-N96HGM3
m01s02i302,DIAGAOT,TMONMN,UP4,AERmon,od440aer,CMIP6-core
m01s02i302,DIAGAOT,TMONMN,UP4,AERmon,od550aer,CMIP6-core
m01s02i302,DIAGAOT,TMONMN,UP4,AERmon,od870aer,CMIP6-core
m01s02i303,DIAGAOT,TDAYMN,UP6,AERday,od550aer,CMIP6-N96HGM3
m01s02i303,DIAGAOT,TMONMN,UP4,AERmon,od440aer,CMIP6-core
m01s02i303,DIAGAOT,TMONMN,UP4,AERmon,od550aer,CMIP6-core
m01s02i303,DIAGAOT,TMONMN,UP4,AERmon,od550lt1aer,CMIP6-core
m01s02i303,DIAGAOT,TMONMN,UP4,AERmon,od870aer,CMIP6-core
m01s02i308,DALLTH,TDAYMN,UP6,CFday,clw,CMIP6-core
m01s02i308,DALLTH,TDAYMN,UP6,Eday,reffsclwtop,CMIP6-N96HGM3
m01s02i308,DALLTH,TDAYMN,UP6,Eday,scldncl,CMIP6-N96HGM3
m01s02i308,DALLTH,TMONMN,UP5,Amon,clw,CMIP6-core
m01s02i308,DALLTH,TMONMN,UP5,CFmon,clws,CMIP6-core
m01s02i309,DALLTH,TDAYMN,UP6,CFday,cli,CMIP6-core
m01s02i309,DALLTH,TDAYMN,UP6,Eday,reffsclwtop,CMIP6-N96HGM3
m01s02i309,DALLTH,TDAYMN,UP6,Eday,scldncl,CMIP6-N96HGM3
m01s02i309,DALLTH,TMONMN,UP5,Amon,cli,CMIP6-core
m01s02i309,DALLTH,TMONMN,UP5,CFmon,clis,CMIP6-core
m01s02i312,DALLTH,TMONMN,UP5,CFmon,cls,CMIP6-core
m01s02i312,DALLTH,TMONMN,UP5,Emon,reffclwc,CMIP6-N96HGM3
m01s02i312,DALLTH,TMONMN,UP5,Emon,reffclws,CMIP6-N96HGM3
m01s02i313,DALLTH,TMONMN,UP5,CFmon,cls,CMIP6-core
m01s02i313,DALLTH,TMONMN,UP5,Emon,reffclic,CMIP6-N96HGM3
m01s02i313,DALLTH,TMONMN,UP5,Emon,reffclis,CMIP6-N96HGM3
m01s02i317,DALLTH,TMONMN,UP5,CFmon,clc,CMIP6-core
m01s02i317,DALLTH,TMONMN,UP5,CFmon,cls,CMIP6-core
m01s02i318,DALLTH,TDAYMN,UP6,Eday,ccldncl,CMIP6-N96HGM3
m01s02i318,DALLTH,TDAYMN,UP6,Eday,reffcclwtop,CMIP6-N96HGM3
m01s02i318,DALLTH,TDAYMN,UP6,Eday,reffsclwtop,CMIP6-N96HGM3
m01s02i318,DALLTH,TDAYMN,UP6,Eday,scldncl,CMIP6-N96HGM3
m01s02i318,DALLTH,TMONMN,UP5,CFmon,clwc,CMIP6-core
m01s02i318,DALLTH,TMONMN,UP5,CFmon,clws,CMIP6-core
m01s02i319,DALLTH,TDAYMN,UP6,Eday,ccldncl,CMIP6-N96HGM3
m01s02i319,DALLTH,TDAYMN,UP6,Eday,reffcclwtop,CMIP6-N96HGM3
m01s02i319,DALLTH,TDAYMN,UP6,Eday,reffsclwtop,CMIP6-N96HGM3
m01s02i319,DALLTH,TDAYMN,UP6,Eday,scldncl,CMIP6-N96HGM3
m01s02i319,DALLTH,TMONMN,UP5,CFmon,clic,CMIP6-core
m01s02i319,DALLTH,TMONMN,UP5,CFmon,clis,CMIP6-core
m01s02i321,DIAG,TDAYMN,UP6,CFday,cllcalipso,CMIP6-core
m01s02i321,DIAG,TMONMN,UP5,CFmon,cllcalipso,CMIP6-core
m01s02i322,DIAG,TDAYMN,UP6,CFday,clmcalipso,CMIP6-core
m01s02i322,DIAG,TMONMN,UP5,CFmon,clmcalipso,CMIP6-core
m01s02i323,DIAG,TDAYMN,UP6,CFday,clhcalipso,CMIP6-core
m01s02i323,DIAG,TMONMN,UP5,CFmon,clhcalipso,CMIP6-core
m01s02i324,DIAG,TDAYMN,UP6,CFday,cltcalipso,CMIP6-core
m01s02i324,DIAG,TMONMN,UP5,CFmon,cltcalipso,CMIP6-core
m01s02i325,DCOSP40H,TDAYMN,UP6,CFday,clcalipso,CMIP6-core
m01s02i325,DCOSP40H,TMONMN,UP5,CFmon,clcalipso,CMIP6-core
m01s02i330,DIAG,T3HR,UP8,E3hrPt,clisccp,CMIP6-core
m01s02i330,DIAG,TDAYMN,UP6,CFday,clisccp,CMIP6-core
m01s02i330,DIAG,TDAYMN,UP6,CFday,cltisccp,CMIP6-core
m01s02i330,DIAG,TMONMN,UP5,CFmon,clisccp,CMIP6-core
m01s02i330,DIAG,TMONMN,UP5,CFmon,cltisccp,CMIP6-core
m01s02i331,DIAG,TDAYMN,UP6,CFday,albisccp,CMIP6-core
m01s02i331,DIAG,TMONMN,UP5,CFmon,albisccp,CMIP6-core
m01s02i332,DIAG,TDAYMN,UP6,AERday,cod,CMIP6-N96HGM3
m01s02i332,DIAG,TMONMN,UP4,AERmon,cod,CMIP6-core
m01s02i333,DIAG,TDAYMN,UP6,CFday,pctisccp,CMIP6-core
m01s02i333,DIAG,TMONMN,UP5,CFmon,pctisccp,CMIP6-core
m01s02i334,DIAG,TDAYMN,UP6,AERday,cod,CMIP6-N96HGM3
m01s02i334,DIAG,TDAYMN,UP6,CFday,albisccp,CMIP6-core
m01s02i334,DIAG,TDAYMN,UP6,CFday,cltisccp,CMIP6-core
m01s02i334,DIAG,TDAYMN,UP6,CFday,pctisccp,CMIP6-core
m01s02i334,DIAG,TMONMN,UP4,AERmon,cod,CMIP6-core
m01s02i334,DIAG,TMONMN,UP5,CFmon,albisccp,CMIP6-core
m01s02i334,DIAG,TMONMN,UP5,CFmon,cltisccp,CMIP6-core
m01s02i334,DIAG,TMONMN,UP5,CFmon,pctisccp,CMIP6-core
m01s02i337,DCOSP7x7,T3HR,UP8,E3hrPt,clisccp,CMIP6-core
m01s02i337,DCOSP7x7,TDAYMN,UP6,CFday,clisccp,CMIP6-core
m01s02i337,DCOSP7x7,TMONMN,UP5,CFmon,clisccp,CMIP6-core
m01s02i344,DIAG,TDAYMN,UP6,CFday,cllcalipso,CMIP6-core
m01s02i344,DIAG,TMONMN,UP5,CFmon,cllcalipso,CMIP6-core
m01s02i345,DIAG,TDAYMN,UP6,CFday,clmcalipso,CMIP6-core
m01s02i345,DIAG,TMONMN,UP5,CFmon,clmcalipso,CMIP6-core
m01s02i346,DIAG,TDAYMN,UP6,CFday,clhcalipso,CMIP6-core
m01s02i346,DIAG,TMONMN,UP5,CFmon,clhcalipso,CMIP6-core
m01s02i347,DIAG,TDAYMN,UP6,CFday,cltcalipso,CMIP6-core
m01s02i347,DIAG,TMONMN,UP5,CFmon,cltcalipso,CMIP6-core
m01s02i348,DCOSP5SZA,TMONMN,UP5,Emon,parasolRefl,CMIP6-core
m01s02i371,DCOSP40H,TDAYMN,UP6,CFday,clcalipso,CMIP6-core
m01s02i371,DCOSP40H,TMONMN,UP5,CFmon,clcalipso,CMIP6-core
m01s02i391,DIAG,T3HR,UP8,CF3hr,clwvi,CMIP6-N96HGM3
m01s02i391,DIAG,TDAYMN,UP6,CFday,clwvi,CMIP6-core
m01s02i391,DIAG,TMONMN,UP4,AERmon,lwp,CMIP6-core
m01s02i391,DIAG,TMONMN,UP5,Amon,clwvi,CMIP6-core
m01s02i392,DIAG,T3HR,UP8,CF3hr,clivi,CMIP6-N96HGM3
m01s02i392,DIAG,T3HR,UP8,CF3hr,clwvi,CMIP6-N96HGM3
m01s02i392,DIAG,TDAYMN,UP6,CFday,clivi,CMIP6-core
m01s02i392,DIAG,TDAYMN,UP6,CFday,clwvi,CMIP6-core
m01s02i392,DIAG,TMONMN,UP5,Amon,clivi,CMIP6-core
m01s02i392,DIAG,TMONMN,UP5,Amon,clwvi,CMIP6-core
m01s02i395,DIAG,TDAYMN,UP6,Eday,clwvic,CMIP6-N96HGM3
m01s02i395,DIAG,TMONMN,UP5,Emon,clwvic,CMIP6-core
m01s02i396,DIAG,TDAYMN,UP6,Eday,clivic,CMIP6-N96HGM3
m01s02i396,DIAG,TDAYMN,UP6,Eday,clwvic,CMIP6-N96HGM3
m01s02i396,DIAG,TMONMN,UP5,Emon,clwvic,CMIP6-core
m01s02i397,DALLTH,TMONMN,UP5,Emon,reffclwc,CMIP6-N96HGM3
m01s02i397,DALLTH,TMONMN,UP5,Emon,reffclws,CMIP6-N96HGM3
m01s02i398,DALLTH,TMONMN,UP5,Emon,reffclic,CMIP6-N96HGM3
m01s02i398,DALLTH,TMONMN,UP5,Emon,reffclis,CMIP6-N96HGM3
m01s02i501,DIAG,TMONMN,UP5,SImon,sifllwdtop,CMIP6-core
m01s02i517,DALLRHP1,TMONMN,UP4,AERmon,rlutaf,CMIP6-core
m01s02i519,DALLRHP1,TMONMN,UP4,AERmon,rlutcsaf,CMIP6-core
m01s02i530,DALLTHAOT,T6HR,UP7,6hrLev,ec550aer,CMIP6-N96HGM3
m01s02i530,DALLTHAOT,TMONMN,UP5,Emon,ec550aer,CMIP6-N96HGM3
m01s02i540,DALLTHAOT,T6HR,UP7,6hrLev,ec550aer,CMIP6-N96HGM3
m01s02i540,DALLTHAOT,TMONMN,UP5,Emon,ec550aer,CMIP6-N96HGM3
m01s02i585,DIAGAOT,TMONMN,UP4,AERmon,abs550aer,CMIP6-core
m01s03i054,DIAG,TDAYMN,UP6,Eday,ares,CMIP6-core
m01s03i181,DALLTH,TMONMN,UPU,CFmon,tnta,CMIP6-core
m01s03i181,DALLTH,TMONMN,UPU,CFmon,tntscpbl,CMIP6-core
m01s03i181,DALLTH,TMONMN,UPU,Emon,tntscp,CMIP6-N96HGM3
m01s03i182,DALLTH,TMONMN,UPU,CFmon,tnhusa,CMIP6-core
m01s03i182,DALLTH,TMONMN,UPU,CFmon,tnhusscpbl,CMIP6-core
m01s03i182,DALLTH,TMONMN,UPU,Emon,tnhusscp,CMIP6-N96HGM3
m01s03i189,DALLTH,TMONMN,UPU,Emon,tntpbl,CMIP6-N96HGM3
m01s03i189,DALLTH,TMONMN,UPU,Emon,tntscp,CMIP6-N96HGM3
m01s03i190,DALLTH,TMONMN,UPU,Emon,tnhuspbl,CMIP6-N96HGM3
m01s03i190,DALLTH,TMONMN,UPU,Emon,tnhusscp,CMIP6-N96HGM3
m01s03i209,DIAG,T3HR,UP8,3hr,uas,CMIP6-core
m01s03i209,DIAG,T3HRMN,UP8,E3hr,uas,CMIP6-core
m01s03i209,DIAG,T6HR,UP7,6hrPlevPt,uas,CMIP6-core
m01s03i209,DIAG,T6HRMN,UP7,6hrPlev,uas,CMIP6-core
m01s03i209,DIAG,TDAYMN,UP6,day,uas,CMIP6-core
m01s03i209,DIAG,TMONMN,UP5,Amon,uas,CMIP6-core
m01s03i210,DIAG,T3HR,UP8,3hr,vas,CMIP6-core
m01s03i210,DIAG,T3HRMN,UP8,E3hr,vas,CMIP6-core
m01s03i210,DIAG,T6HR,UP7,6hrPlevPt,vas,CMIP6-core
m01s03i210,DIAG,TDAYMN,UP6,day,vas,CMIP6-core
m01s03i210,DIAG,TMONMN,UP5,Amon,vas,CMIP6-core
m01s03i217,DIAG,T3HR,UP8,CF3hr,hfss,CMIP6-N96HGM3
m01s03i217,DIAG,T3HRMN,UP8,3hr,hfss,CMIP6-core
m01s03i217,DIAG,TDAYMN,UP6,day,hfss,CMIP6-core
m01s03i217,DIAG,TMONMN,UP5,Amon,hfss,CMIP6-core
m01s03i223,DIAG,T3HR,UP8,CF3hr,evspsbl,CMIP6-N96HGM3
m01s03i223,DIAG,TDAYMN,UP6,Eday,et,CMIP6-core
m01s03i223,DIAG,TMONMN,UP5,Amon,evspsbl,CMIP6-core
m01s03i230,DIAG,T3HR,UP8,CF3hr,sfcWind,CMIP6-N96HGM3
m01s03i230,DIAG,T3HRMN,UP8,E3hr,sfcWind,CMIP6-core
m01s03i230,DIAG,T6HRMN,UP7,6hrPlev,sfcWind,CMIP6-core
m01s03i230,DIAG,TDAYMAX,UP6,Emon,sfcWindmax,CMIP6-core
m01s03i230,DIAG,TDAYMAX,UP6,day,sfcWindmax,CMIP6-core
m01s03i230,DIAG,TDAYMN,UP6,day,sfcWind,CMIP6-core
m01s03i230,DIAG,TMONMN,UP5,Amon,sfcWind,CMIP6-core
m01s03i234,DIAG,T3HR,UP8,CF3hr,hfls,CMIP6-N96HGM3
m01s03i234,DIAG,T3HRMN,UP8,3hr,hfls,CMIP6-core
m01s03i234,DIAG,TDAYMN,UP6,day,hfls,CMIP6-core
m01s03i234,DIAG,TMONMN,UP5,Amon,hfls,CMIP6-core
m01s03i236,DIAG,T1HRMN,UP9,AERhr,tas,CMIP6-N96HGM3
m01s03i236,DIAG,T3HR,UP8,3hr,tas,CMIP6-core
m01s03i236,DIAG,T6HRMN,UP7,6hrPlev,tas,CMIP6-core
m01s03i236,DIAG,TDAYMAX,UP6,Amon,tasmax,CMIP6-core
m01s03i236,DIAG,TDAYMAX,UP6,day,tasmax,CMIP6-core
m01s03i236,DIAG,TDAYMIN,UP6,Amon,tasmin,CMIP6-core
m01s03i236,DIAG,TDAYMIN,UP6,day,tasmin,CMIP6-core
m01s03i236,DIAG,TDAYMN,UP6,day,tas,CMIP6-core
m01s03i236,DIAG,TMONMN,UP5,Amon,tas,CMIP6-core
m01s03i236,DIAG,TMONMN,UP5,Emon,tasLut,CMIP6-N96HGM3
m01s03i237,DIAG,T3HR,UP8,3hr,huss,CMIP6-core
m01s03i237,DIAG,TDAYMN,UP6,day,huss,CMIP6-core
m01s03i237,DIAG,TMONMN,UP5,Amon,huss,CMIP6-core
m01s03i245,DIAG,T3HR,UP8,CF3hr,hurs,CMIP6-N96HGM3
m01s03i245,DIAG,T6HRMN,UP7,6hrPlev,hurs,CMIP6-core
m01s03i245,DIAG,TDAYMAX,UP6,day,hursmax,CMIP6-core
m01s03i245,DIAG,TDAYMIN,UP6,Eday,hursminCrop,CMIP6-core
m01s03i245,DIAG,TDAYMIN,UP6,Emon,hursminCrop,CMIP6-core
m01s03i245,DIAG,TDAYMIN,UP6,day,hursmin,CMIP6-core
m01s03i245,DIAG,TDAYMN,UP6,day,hurs,CMIP6-core
m01s03i245,DIAG,TMONMN,UP5,Amon,hurs,CMIP6-core
m01s03i250,DIAG,TDAYMN,UP6,Eday,tdps,CMIP6-core
m01s03i250,DIAG,TMONMN,UP5,Emon,tdps,CMIP6-core
m01s03i261,DIAG,T3HRMN,UP8,E3hr,gpp,CMIP6-N96HGM3
m01s03i288,DTILE,TDAYMN,UP6,Eday,eow,CMIP6-core
m01s03i290,DTILE,TDAYMN,UP6,Eday,hfss,CMIP6-core
m01s03i290,DTILE,TMONMN,UP5,Emon,hfssLut,CMIP6-N96HGM3
m01s03i290,DTILE,TMONMN,UP5,LImon,hfssIs,CMIP6-core
m01s03i293,DIAG,TMONMN,UP5,Amon,fco2nat,CMIP6-core
m01s03i296,DIAG,TDAYMN,UP6,Eday,es,CMIP6-core
m01s03i296,DIAG,TMONMN,UP5,Lmon,evspsblsoi,CMIP6-core
m01s03i297,DIAG,TDAYMN,UP6,Eday,ec,CMIP6-core
m01s03i297,DIAG,TMONMN,UP5,Lmon,evspsblveg,CMIP6-core
m01s03i298,DIAG,T3HR,UP8,CF3hr,sbl,CMIP6-N96HGM3
m01s03i298,DIAG,TMONMN,UP5,Amon,sbl,CMIP6-core
m01s03i304,DIAG,T6HRMN,UP7,6hrPlev,bldep,CMIP6-core
m01s03i304,DIAG,TDAYMAX,UP6,AERday,maxpblz,CMIP6-N96HGM3
m01s03i304,DIAG,TDAYMIN,UP6,AERday,minpblz,CMIP6-N96HGM3
m01s03i304,DIAG,TDAYMN,UP6,Eday,zmla,CMIP6-N96HGM3
m01s03i304,DIAG,TMONMN,UP4,AERmon,bldep,CMIP6-core
m01s03i316,DTILE,T3HR,UP8,3hr,tslsi,CMIP6-core
m01s03i316,DTILE,TDAYMAX,UP6,Eday,tasmaxCrop,CMIP6-core
m01s03i316,DTILE,TDAYMAX,UP6,Emon,tasmaxCrop,CMIP6-core
m01s03i316,DTILE,TDAYMIN,UP6,Eday,tasminCrop,CMIP6-core
m01s03i316,DTILE,TDAYMIN,UP6,Emon,tasminCrop,CMIP6-core
m01s03i316,DTILE,TDAYMN,UP6,Eday,tgs,CMIP6-core
m01s03i316,DTILE,TDAYMN,UP6,day,tslsi,CMIP6-core
m01s03i316,DTILE,TMONMN,UP5,LImon,tsIs,CMIP6-core
m01s03i317,DTILE,TDAYMN,UP6,Eday,hfls,CMIP6-core
m01s03i317,DTILE,TDAYMN,UP6,Eday,hfss,CMIP6-core
m01s03i317,DTILE,TDAYMN,UP6,Eday,sbl,CMIP6-core
m01s03i317,DTILE,TDAYMN,UP6,Eday,sblnosn,CMIP6-core
m01s03i317,DTILE,TDAYMN,UP6,Eday,snd,CMIP6-core
m01s03i317,DTILE,TDAYMN,UP6,Eday,snm,CMIP6-core
m01s03i317,DTILE,TDAYMN,UP6,day,snc,CMIP6-core
m01s03i317,DTILE,TDAYMN,UP6,day,snw,CMIP6-core
m01s03i317,DTILE,TMONMN,UP5,Emon,sweLut,CMIP6-N96HGM3
m01s03i317,DTILE,TMONMN,UP5,LImon,acabfIs,CMIP6-core
m01s03i317,DTILE,TMONMN,UP5,LImon,hflsIs,CMIP6-core
m01s03i317,DTILE,TMONMN,UP5,LImon,hfssIs,CMIP6-core
m01s03i317,DTILE,TMONMN,UP5,LImon,icemIs,CMIP6-core
m01s03i317,DTILE,TMONMN,UP5,LImon,litemptopIs,CMIP6-core
m01s03i317,DTILE,TMONMN,UP5,LImon,mrroIs,CMIP6-core
m01s03i317,DTILE,TMONMN,UP5,LImon,orogIs,CMIP6-core
m01s03i317,DTILE,TMONMN,UP5,LImon,prraIs,CMIP6-core
m01s03i317,DTILE,TMONMN,UP5,LImon,prsnIs,CMIP6-core
m01s03i317,DTILE,TMONMN,UP5,LImon,rldsIs,CMIP6-core
m01s03i317,DTILE,TMONMN,UP5,LImon,rlusIs,CMIP6-core
m01s03i317,DTILE,TMONMN,UP5,LImon,rsdsIs,CMIP6-core
m01s03i317,DTILE,TMONMN,UP5,LImon,rsusIs,CMIP6-core
m01s03i317,DTILE,TMONMN,UP5,LImon,sbl,CMIP6-core
m01s03i317,DTILE,TMONMN,UP5,LImon,sblIs,CMIP6-core
m01s03i317,DTILE,TMONMN,UP5,LImon,sftgif,CMIP6-core
m01s03i317,DTILE,TMONMN,UP5,LImon,snc,CMIP6-core
m01s03i317,DTILE,TMONMN,UP5,LImon,sncIs,CMIP6-core
m01s03i317,DTILE,TMONMN,UP5,LImon,snd,CMIP6-core
m01s03i317,DTILE,TMONMN,UP5,LImon,snicefreezIs,CMIP6-core
m01s03i317,DTILE,TMONMN,UP5,LImon,snicemIs,CMIP6-core
m01s03i317,DTILE,TMONMN,UP5,LImon,snm,CMIP6-core
m01s03i317,DTILE,TMONMN,UP5,LImon,snmIs,CMIP6-core
m01s03i317,DTILE,TMONMN,UP5,LImon,snw,CMIP6-core
m01s03i317,DTILE,TMONMN,UP5,LImon,tasIs,CMIP6-core
m01s03i317,DTILE,TMONMN,UP5,LImon,tsIs,CMIP6-core
m01s03i328,DTILE,TMONMN,UP5,LImon,tasIs,CMIP6-core
m01s03i329,DTILE,TMONMN,UP5,Emon,hussLut,CMIP6-N96HGM3
m01s03i330,DTILE,TDAYMN,UP6,Eday,hfls,CMIP6-core
m01s03i330,DTILE,TMONMN,UP5,Emon,hflsLut,CMIP6-N96HGM3
m01s03i330,DTILE,TMONMN,UP5,LImon,hflsIs,CMIP6-core
m01s03i331,DTILE,TDAYMN,UP6,Eday,sbl,CMIP6-core
m01s03i331,DTILE,TDAYMN,UP6,Eday,sblnosn,CMIP6-core
m01s03i331,DTILE,TMONMN,UP5,LImon,sbl,CMIP6-core
m01s03i331,DTILE,TMONMN,UP5,LImon,sblIs,CMIP6-core
m01s03i332,DIAG,T1HRMN,UP9,E1hrClimMon,rlut,CMIP6-N96HGM3
m01s03i332,DIAG,T1HRMN,UP9,E1hrClimMon,rlutcs,CMIP6-N96HGM3
m01s03i332,DIAG,T3HR,UP8,CF3hr,rlus,CMIP6-N96HGM3
m01s03i332,DIAG,T3HR,UP8,CF3hr,rlut,CMIP6-N96HGM3
m01s03i332,DIAG,T3HR,UP8,CF3hr,rlutcs,CMIP6-N96HGM3
m01s03i332,DIAG,T3HR,UP8,CF3hr,rtmt,CMIP6-N96HGM3
m01s03i332,DIAG,T3HRMN,UP8,3hr,rlus,CMIP6-core
m01s03i332,DIAG,TDAYMN,UP6,CFday,rlutcs,CMIP6-core
m01s03i332,DIAG,TDAYMN,UP6,Eday,rls,CMIP6-core
m01s03i332,DIAG,TDAYMN,UP6,day,rlus,CMIP6-core
m01s03i332,DIAG,TDAYMN,UP6,day,rlut,CMIP6-core
m01s03i332,DIAG,TMONMN,UP4,AERmon,rlutaf,CMIP6-core
m01s03i332,DIAG,TMONMN,UP4,AERmon,rlutcsaf,CMIP6-core
m01s03i332,DIAG,TMONMN,UP5,Amon,rlus,CMIP6-core
m01s03i332,DIAG,TMONMN,UP5,Amon,rlut,CMIP6-core
m01s03i332,DIAG,TMONMN,UP5,Amon,rlutcs,CMIP6-core
m01s03i332,DIAG,TMONMN,UP5,Amon,rtmt,CMIP6-core
m01s03i332,DIAG,TMONMN,UP5,CFmon,rlu,CMIP6-core
m01s03i332,DIAG,TMONMN,UP5,CFmon,rlucs,CMIP6-core
m01s03i332,DIAG,TMONMN,UP5,Emon,rls,CMIP6-core
m01s03i334,DIAG,TMONMN,UP5,Emon,evspsblpot,CMIP6-N96HGM3
m01s03i335,DTILE,TDAYMN,UP6,Eday,evspsblpot,CMIP6-core
m01s03i382,DTILE,TMONMN,UP5,Emon,rsusLut,CMIP6-N96HGM3
m01s03i382,DTILE,TMONMN,UP5,LImon,rsusIs,CMIP6-core
m01s03i383,DTILE,TMONMN,UP5,Emon,rlusLut,CMIP6-N96HGM3
m01s03i383,DTILE,TMONMN,UP5,LImon,rlusIs,CMIP6-core
m01s03i384,DTILE,TMONMN,UP5,LImon,rldsIs,CMIP6-core
m01s03i395,DIAG,TDAYMN,UP6,Eday,sbl,CMIP6-core
m01s03i395,DIAG,TMONMN,UP5,Emon,cropFracC3,CMIP6-N96HGM3
m01s03i395,DIAG,TMONMN,UP5,Emon,cropFracC4,CMIP6-N96HGM3
m01s03i395,DIAG,TMONMN,UP5,Emon,fracLut,CMIP6-N96HGM3
m01s03i395,DIAG,TMONMN,UP5,Emon,grassFracC3,CMIP6-N96HGM3
m01s03i395,DIAG,TMONMN,UP5,Emon,grassFracC4,CMIP6-N96HGM3
m01s03i395,DIAG,TMONMN,UP5,Emon,pastureFracC3,CMIP6-N96HGM3
m01s03i395,DIAG,TMONMN,UP5,Emon,pastureFracC4,CMIP6-N96HGM3
m01s03i395,DIAG,TMONMN,UP5,Emon,treeFracBdlDcd,CMIP6-N96HGM3
m01s03i395,DIAG,TMONMN,UP5,Emon,treeFracBdlEvg,CMIP6-N96HGM3
m01s03i395,DIAG,TMONMN,UP5,Emon,treeFracNdlDcd,CMIP6-N96HGM3
m01s03i395,DIAG,TMONMN,UP5,Emon,treeFracNdlEvg,CMIP6-N96HGM3
m01s03i395,DIAG,TMONMN,UP5,Emon,vegFrac,CMIP6-N96HGM3
m01s03i395,DIAG,TMONMN,UP5,Emon,wetlandFrac,CMIP6-N96HGM3
m01s03i395,DIAG,TMONMN,UP5,Eyr,grassFrac,CMIP6-core
m01s03i395,DIAG,TMONMN,UP5,Eyr,residualFrac,CMIP6-core
m01s03i395,DIAG,TMONMN,UP5,Eyr,shrubFrac,CMIP6-core
m01s03i395,DIAG,TMONMN,UP5,Eyr,treeFrac,CMIP6-core
m01s03i395,DIAG,TMONMN,UP5,Eyr,vegFrac,CMIP6-core
m01s03i395,DIAG,TMONMN,UP5,LImon,sbl,CMIP6-core
m01s03i395,DIAG,TMONMN,UP5,Lmon,baresoilFrac,CMIP6-core
m01s03i395,DIAG,TMONMN,UP5,Lmon,c3PftFrac,CMIP6-core
m01s03i395,DIAG,TMONMN,UP5,Lmon,c4PftFrac,CMIP6-core
m01s03i395,DIAG,TMONMN,UP5,Lmon,cropFrac,CMIP6-core
m01s03i395,DIAG,TMONMN,UP5,Lmon,grassFrac,CMIP6-core
m01s03i395,DIAG,TMONMN,UP5,Lmon,landCoverFrac,CMIP6-core
m01s03i395,DIAG,TMONMN,UP5,Lmon,pastureFrac,CMIP6-core
m01s03i395,DIAG,TMONMN,UP5,Lmon,residualFrac,CMIP6-core
m01s03i395,DIAG,TMONMN,UP5,Lmon,shrubFrac,CMIP6-core
m01s03i395,DIAG,TMONMN,UP5,Lmon,treeFrac,CMIP6-core
m01s03i395,DIAG,TMONPT,UP5,Eyr,fracLut,CMIP6-N96HGM3
m01s03i401,DIAG,TMONMN,UP4,AERmon,emidust,CMIP6-core
m01s03i402,DIAG,TMONMN,UP4,AERmon,emidust,CMIP6-core
m01s03i403,DIAG,TMONMN,UP4,AERmon,emidust,CMIP6-core
m01s03i404,DIAG,TMONMN,UP4,AERmon,emidust,CMIP6-core
m01s03i405,DIAG,TMONMN,UP4,AERmon,emidust,CMIP6-core
m01s03i406,DIAG,TMONMN,UP4,AERmon,emidust,CMIP6-core
m01s03i440,DIAG,TMONMN,UP5,Emon,depdust,CMIP6-N96HGM3
m01s03i441,DIAG,TMONMN,UP4,AERmon,drydust,CMIP6-core
m01s03i442,DIAG,TMONMN,UP4,AERmon,drydust,CMIP6-core
m01s03i443,DIAG,TMONMN,UP4,AERmon,drydust,CMIP6-core
m01s03i444,DIAG,TMONMN,UP4,AERmon,drydust,CMIP6-core
m01s03i445,DIAG,TMONMN,UP4,AERmon,drydust,CMIP6-core
m01s03i446,DIAG,TMONMN,UP4,AERmon,drydust,CMIP6-core
m01s03i451,DIAG,TMONMN,UP4,AERmon,drydust,CMIP6-core
m01s03i452,DIAG,TMONMN,UP4,AERmon,drydust,CMIP6-core
m01s03i453,DIAG,TMONMN,UP4,AERmon,drydust,CMIP6-core
m01s03i454,DIAG,TMONMN,UP4,AERmon,drydust,CMIP6-core
m01s03i455,DIAG,TMONMN,UP4,AERmon,drydust,CMIP6-core
m01s03i456,DIAG,TMONMN,UP4,AERmon,drydust,CMIP6-core
m01s03i460,DIAG,T3HR,UP8,CF3hr,tauu,CMIP6-N96HGM3
m01s03i460,DIAG,TDAYMN,UP6,Eday,tauu,CMIP6-core
m01s03i460,DIAG,TDAYMN,UP6,Eday,tauupbl,CMIP6-core
m01s03i460,DIAG,TMONMN,UP5,Amon,tauu,CMIP6-core
m01s03i461,DIAG,T3HR,UP8,CF3hr,tauv,CMIP6-N96HGM3
m01s03i461,DIAG,TDAYMN,UP6,Eday,tauv,CMIP6-core
m01s03i461,DIAG,TDAYMN,UP6,Eday,tauvpbl,CMIP6-core
m01s03i461,DIAG,TMONMN,UP5,Amon,tauv,CMIP6-core
m01s03i463,DIAG,T6HRMAX,UP7,6hrPlev,wsgmax10m,CMIP6-core
m01s03i471,DPBLTH,TMONMN,UP5,CFmon,evu,CMIP6-core
m01s03i472,DPBLRH,TMONMN,UP5,CFmon,edt,CMIP6-core
m01s03i495,DIAG,TMONMN,UP4,AERmon,emibvoc,CMIP6-core
m01s03i495,DIAG,TMONMN,UP4,AERmon,emiisop,CMIP6-core
m01s03i496,DIAG,TMONMN,UP4,AERmon,emibvoc,CMIP6-core
m01s03i531,DIAG,TMONMN,UP5,SImon,sifllwutop,CMIP6-core
m01s03i535,DIAG,TDAYMN,UP6,SIday,sitemptop,CMIP6-core
m01s03i535,DIAG,TMONMN,UP5,SImon,sitemptop,CMIP6-core
m01s03i538,DIAG,TMONMN,UP5,SImon,sidragtop,CMIP6-core
m01s03i539,DIAG,TDAYMN,UP6,Eday,tran,CMIP6-core
m01s03i539,DIAG,TMONMN,UP5,Lmon,tran,CMIP6-core
m01s04i141,DALLTH,TMONMN,UPU,CFmon,tnta,CMIP6-core
m01s04i141,DALLTH,TMONMN,UPU,CFmon,tntscpbl,CMIP6-core
m01s04i141,DALLTH,TMONMN,UPU,Emon,tntscp,CMIP6-N96HGM3
m01s04i142,DALLTH,TMONMN,UPU,CFmon,tnhusa,CMIP6-core
m01s04i142,DALLTH,TMONMN,UPU,CFmon,tnhusscpbl,CMIP6-core
m01s04i142,DALLTH,TMONMN,UPU,Emon,tnhusscp,CMIP6-N96HGM3
m01s04i181,DALLTH,TMONMN,UPU,CFmon,tnta,CMIP6-core
m01s04i181,DALLTH,TMONMN,UPU,CFmon,tntscpbl,CMIP6-core
m01s04i181,DALLTH,TMONMN,UPU,Emon,tntscp,CMIP6-N96HGM3
m01s04i182,DALLTH,TMONMN,UPU,CFmon,tnhusa,CMIP6-core
m01s04i182,DALLTH,TMONMN,UPU,CFmon,tnhusscpbl,CMIP6-core
m01s04i182,DALLTH,TMONMN,UPU,Emon,tnhusscp,CMIP6-N96HGM3
m01s04i231,DIAG,TMONMN,UP4,AERmon,wetdust,CMIP6-core
m01s04i232,DIAG,TMONMN,UP4,AERmon,wetdust,CMIP6-core
m01s04i233,DIAG,TMONMN,UP4,AERmon,wetdust,CMIP6-core
m01s04i234,DIAG,TMONMN,UP4,AERmon,wetdust,CMIP6-core
m01s04i235,DIAG,TMONMN,UP4,AERmon,wetdust,CMIP6-core
m01s04i236,DIAG,TMONMN,UP4,AERmon,wetdust,CMIP6-core
m01s05i161,DALLTH,TMONMN,UPU,CFmon,tntc,CMIP6-core
m01s05i161,DALLTH,TMONMN,UPU,CFmon,tntscpbl,CMIP6-core
m01s05i161,DALLTH,TMONMN,UPU,Emon,tntscp,CMIP6-N96HGM3
m01s05i162,DALLTH,TMONMN,UPU,CFmon,tnhusc,CMIP6-core
m01s05i162,DALLTH,TMONMN,UPU,CFmon,tnhusscpbl,CMIP6-core
m01s05i162,DALLTH,TMONMN,UPU,Emon,tnhusscp,CMIP6-N96HGM3
m01s05i181,DALLTH,TMONMN,UPU,CFmon,tnta,CMIP6-core
m01s05i181,DALLTH,TMONMN,UPU,CFmon,tntscpbl,CMIP6-core
m01s05i181,DALLTH,TMONMN,UPU,Emon,tntscp,CMIP6-N96HGM3
m01s05i182,DALLTH,TMONMN,UPU,CFmon,tnhusa,CMIP6-core
m01s05i182,DALLTH,TMONMN,UPU,CFmon,tnhusscpbl,CMIP6-core
m01s05i182,DALLTH,TMONMN,UPU,Emon,tnhusscp,CMIP6-N96HGM3
m01s05i205,DIAG,T1HRMN,UP9,E1hr,prc,CMIP6-core
m01s05i205,DIAG,T3HR,UP8,CF3hr,prc,CMIP6-N96HGM3
m01s05i205,DIAG,T3HRMN,UP8,3hr,prc,CMIP6-core
m01s05i205,DIAG,T3HRMN,UP8,E3hr,prrc,CMIP6-core
m01s05i205,DIAG,TDAYMN,UP6,Eday,prrc,CMIP6-core
m01s05i205,DIAG,TDAYMN,UP6,day,prc,CMIP6-core
m01s05i205,DIAG,TMONMN,UP5,Amon,prc,CMIP6-core
m01s05i206,DIAG,T1HRMN,UP9,E1hr,prc,CMIP6-core
m01s05i206,DIAG,T3HR,UP8,CF3hr,prc,CMIP6-N96HGM3
m01s05i206,DIAG,T3HRMN,UP8,3hr,prc,CMIP6-core
m01s05i206,DIAG,T3HRMN,UP8,E3hr,prsnc,CMIP6-core
m01s05i206,DIAG,TDAYMN,UP6,Eday,prsnc,CMIP6-core
m01s05i206,DIAG,TDAYMN,UP6,day,prc,CMIP6-core
m01s05i206,DIAG,TMONMN,UP5,Amon,prc,CMIP6-core
m01s05i214,DIAG,T3HRMN,UP8,E3hr,prra,CMIP6-core
m01s05i214,DIAG,TDAYMN,UP6,Eday,prra,CMIP6-core
m01s05i214,DIAG,TMONMN,UP5,LImon,prraIs,CMIP6-core
m01s05i215,DIAG,T3HR,UP8,CF3hr,prsn,CMIP6-N96HGM3
m01s05i215,DIAG,T3HRMN,UP8,3hr,prsn,CMIP6-core
m01s05i215,DIAG,TDAYMN,UP6,day,prsn,CMIP6-core
m01s05i215,DIAG,TMONMN,UP5,Amon,prsn,CMIP6-core
m01s05i215,DIAG,TMONMN,UP5,LImon,prsnIs,CMIP6-core
m01s05i216,DIAG,T1HRMN,UP9,6hrPlev,prhmax,CMIP6-core
m01s05i216,DIAG,T1HRMN,UP9,E1hr,pr,CMIP6-core
m01s05i216,DIAG,T1HRMN,UP9,Eday,prhmax,CMIP6-core
m01s05i216,DIAG,T1HRMN,UP9,Emon,prhmax,CMIP6-core
m01s05i216,DIAG,T3HR,UP8,CF3hr,pr,CMIP6-N96HGM3
m01s05i216,DIAG,T3HRMN,UP8,3hr,pr,CMIP6-core
m01s05i216,DIAG,T6HRMN,UP7,6hrPlev,pr,CMIP6-core
m01s05i216,DIAG,TDAYMN,UP6,day,pr,CMIP6-core
m01s05i216,DIAG,TMONMN,UP5,Amon,pr,CMIP6-core
m01s05i250,DALLTH,TDAYMN,UP6,CFday,mc,CMIP6-core
m01s05i250,DALLTH,TMONMN,UP5,Amon,mc,CMIP6-core
m01s05i250,DALLTH,TMONMN,UP5,CFmon,mcu,CMIP6-core
m01s05i251,DALLTH,TDAYMN,UP6,CFday,mc,CMIP6-core
m01s05i251,DALLTH,TMONMN,UP5,Amon,mc,CMIP6-core
m01s05i251,DALLTH,TMONMN,UP5,CFmon,mcd,CMIP6-core
m01s05i269,DIAG,T3HR,UP8,CF3hr,ci,CMIP6-N96HGM3
m01s05i269,DIAG,TMONMN,UP5,Amon,ci,CMIP6-core
m01s05i270,DIAG,T3HR,UP8,CF3hr,sci,CMIP6-N96HGM3
m01s05i270,DIAG,TMONMN,UP5,Amon,sci,CMIP6-core
m01s05i281,DIAG,TMONMN,UP4,AERmon,wetdust,CMIP6-core
m01s05i282,DIAG,TMONMN,UP4,AERmon,wetdust,CMIP6-core
m01s05i283,DIAG,TMONMN,UP4,AERmon,wetdust,CMIP6-core
m01s05i284,DIAG,TMONMN,UP4,AERmon,wetdust,CMIP6-core
m01s05i285,DIAG,TMONMN,UP4,AERmon,wetdust,CMIP6-core
m01s05i286,DIAG,TMONMN,UP4,AERmon,wetdust,CMIP6-core
m01s06i115,PLEV19,TMONMN,UP5,Emon,utendnogw,CMIP6-core
m01s06i115,PLEV39Z,TDAYMN,UP6,EdayZ,utendnogw,CMIP6-core
m01s06i115,PLEV39Z,TMONMN,UP5,EmonZ,utendnogw,CMIP6-core
m01s06i181,DALLTH,TMONMN,UPU,CFmon,tnta,CMIP6-core
m01s06i247,PLEV19,TMONMN,UP5,Emon,utendogw,CMIP6-core
m01s06i247,PLEV39Z,TDAYMN,UP6,EdayZ,utendogw,CMIP6-core
m01s08i202,DIAG,TDAYMN,UP6,Eday,hfdsn,CMIP6-core
m01s08i202,DIAG,TMONMN,UP5,LImon,hfdsn,CMIP6-core
m01s08i209,DIAG,TDAYMN,UP6,Eday,cw,CMIP6-core
m01s08i223,DSOIL,T3HR,UP8,3hr,mrsos,CMIP6-core
m01s08i223,DSOIL,T6HR,UP7,6hrPlevPt,mrsol,CMIP6-core
m01s08i223,DSOIL,TDAYMN,UP6,Eday,mrfsofr,CMIP6-core
m01s08i223,DSOIL,TDAYMN,UP6,Eday,mrlqso,CMIP6-core
m01s08i223,DSOIL,TDAYMN,UP6,Eday,mrsfl,CMIP6-N96HGM3
m01s08i223,DSOIL,TDAYMN,UP6,Eday,mrsll,CMIP6-N96HGM3
m01s08i223,DSOIL,TDAYMN,UP6,Eday,mrsol,CMIP6-core
m01s08i223,DSOIL,TDAYMN,UP6,day,mrso,CMIP6-core
m01s08i223,DSOIL,TDAYMN,UP6,day,mrsos,CMIP6-core
m01s08i223,DSOIL,TMONMN,UP5,Emon,mrlso,CMIP6-N96HGM3
m01s08i223,DSOIL,TMONMN,UP5,Emon,mrsfl,CMIP6-N96HGM3
m01s08i223,DSOIL,TMONMN,UP5,Emon,mrsll,CMIP6-N96HGM3
m01s08i223,DSOIL,TMONMN,UP5,Emon,mrsol,CMIP6-core
m01s08i223,DSOIL,TMONMN,UP5,Lmon,mrfso,CMIP6-core
m01s08i223,DSOIL,TMONMN,UP5,Lmon,mrso,CMIP6-core
m01s08i223,DSOIL,TMONMN,UP5,Lmon,mrsos,CMIP6-core
m01s08i225,DSOIL,T6HR,UP7,6hrPlevPt,tsl,CMIP6-core
m01s08i225,DSOIL,TDAYMN,UP6,Eday,tsl,CMIP6-core
m01s08i225,DSOIL,TMONMN,UP5,Lmon,tsl,CMIP6-core
m01s08i229,DSOIL,T6HR,UP7,6hrPlevPt,mrsol,CMIP6-core
m01s08i229,DSOIL,TDAYMN,UP6,Eday,dfr,CMIP6-core
m01s08i229,DSOIL,TDAYMN,UP6,Eday,dmlt,CMIP6-core
m01s08i229,DSOIL,TDAYMN,UP6,Eday,mrfsofr,CMIP6-core
m01s08i229,DSOIL,TDAYMN,UP6,Eday,mrlqso,CMIP6-core
m01s08i229,DSOIL,TDAYMN,UP6,Eday,mrsfl,CMIP6-N96HGM3
m01s08i229,DSOIL,TDAYMN,UP6,Eday,mrsll,CMIP6-N96HGM3
m01s08i229,DSOIL,TDAYMN,UP6,day,mrso,CMIP6-core
m01s08i229,DSOIL,TMONMN,UP5,Emon,mrlso,CMIP6-N96HGM3
m01s08i229,DSOIL,TMONMN,UP5,Emon,mrsfl,CMIP6-N96HGM3
m01s08i229,DSOIL,TMONMN,UP5,Emon,mrsll,CMIP6-N96HGM3
m01s08i229,DSOIL,TMONMN,UP5,Lmon,mrfso,CMIP6-core
m01s08i229,DSOIL,TMONMN,UP5,Lmon,mrso,CMIP6-core
m01s08i230,DSOIL,T6HR,UP7,6hrPlevPt,mrsol,CMIP6-core
m01s08i230,DSOIL,TDAYMN,UP6,Eday,dfr,CMIP6-core
m01s08i230,DSOIL,TDAYMN,UP6,Eday,dmlt,CMIP6-core
m01s08i230,DSOIL,TDAYMN,UP6,Eday,mrfsofr,CMIP6-core
m01s08i230,DSOIL,TDAYMN,UP6,Eday,mrlqso,CMIP6-core
m01s08i230,DSOIL,TDAYMN,UP6,Eday,mrsfl,CMIP6-N96HGM3
m01s08i230,DSOIL,TDAYMN,UP6,Eday,mrsll,CMIP6-N96HGM3
m01s08i230,DSOIL,TDAYMN,UP6,day,mrso,CMIP6-core
m01s08i230,DSOIL,TMONMN,UP5,Emon,mrlso,CMIP6-N96HGM3
m01s08i230,DSOIL,TMONMN,UP5,Emon,mrsfl,CMIP6-N96HGM3
m01s08i230,DSOIL,TMONMN,UP5,Emon,mrsll,CMIP6-N96HGM3
m01s08i230,DSOIL,TMONMN,UP5,Lmon,mrfso,CMIP6-core
m01s08i230,DSOIL,TMONMN,UP5,Lmon,mrso,CMIP6-core
m01s08i234,DIAG,T3HRMN,UP8,3hr,mrro,CMIP6-core
m01s08i234,DIAG,TDAYMN,UP6,Eday,mrros,CMIP6-core
m01s08i234,DIAG,TDAYMN,UP6,day,mrro,CMIP6-core
m01s08i234,DIAG,TMONMN,UP5,Lmon,mrro,CMIP6-core
m01s08i234,DIAG,TMONMN,UP5,Lmon,mrros,CMIP6-core
m01s08i235,DIAG,T3HRMN,UP8,3hr,mrro,CMIP6-core
m01s08i235,DIAG,TDAYMN,UP6,Eday,mrrob,CMIP6-core
m01s08i235,DIAG,TDAYMN,UP6,day,mrro,CMIP6-core
m01s08i235,DIAG,TMONMN,UP5,Lmon,mrro,CMIP6-core
m01s08i236,DTILE,TDAYMN,UP6,Eday,sblnosn,CMIP6-core
m01s08i236,DTILE,TDAYMN,UP6,Eday,snwc,CMIP6-core
m01s08i236,DTILE,TDAYMN,UP6,day,snc,CMIP6-core
m01s08i236,DTILE,TDAYMN,UP6,day,snw,CMIP6-core
m01s08i236,DTILE,TMONMN,UP5,Emon,sweLut,CMIP6-N96HGM3
m01s08i236,DTILE,TMONMN,UP5,LImon,snc,CMIP6-core
m01s08i236,DTILE,TMONMN,UP5,LImon,sncIs,CMIP6-core
m01s08i236,DTILE,TMONMN,UP5,LImon,snw,CMIP6-core
m01s08i237,DTILE,TDAYMN,UP6,Eday,snm,CMIP6-core
m01s08i237,DTILE,TMONMN,UP5,LImon,snm,CMIP6-core
m01s08i248,DIAG,TMONMN,UP5,Emon,wetlandFrac,CMIP6-N96HGM3
m01s08i249,DIAG,TDAYMN,UP6,Eday,wtd,CMIP6-core
m01s08i249,DIAG,TMONMN,UP5,Emon,wtd,CMIP6-N96HGM3
m01s08i261,DIAG,TMONMN,UP5,Emon,wetlandCH4,CMIP6-N96HGM3
m01s08i376,DTILE,TDAYMN,UP6,Eday,snd,CMIP6-core
m01s08i376,DTILE,TMONMN,UP5,LImon,snd,CMIP6-core
m01s08i576,DTILE,TMONMN,UP5,LImon,litemptopIs,CMIP6-core
m01s08i578,DTILE,TMONMN,UP5,LImon,acabfIs,CMIP6-core
m01s08i579,DTILE,TMONMN,UP5,LImon,icemIs,CMIP6-core
m01s08i579,DTILE,TMONMN,UP5,LImon,snicemIs,CMIP6-core
m01s08i579,DTILE,TMONMN,UP5,LImon,snmIs,CMIP6-core
m01s08i580,DTILE,TMONMN,UP5,LImon,snicefreezIs,CMIP6-core
m01s08i583,DTILE,TMONMN,UP5,LImon,mrroIs,CMIP6-core
m01s14i181,DALLTH,TMONMN,UPU,CFmon,tnta,CMIP6-core
m01s16i161,DALLTH,TMONMN,UPU,CFmon,tnta,CMIP6-core
m01s16i161,DALLTH,TMONMN,UPU,CFmon,tntscpbl,CMIP6-core
m01s16i161,DALLTH,TMONMN,UPU,Emon,tntscp,CMIP6-N96HGM3
m01s16i162,DALLTH,TMONMN,UPU,CFmon,tnhusa,CMIP6-core
m01s16i162,DALLTH,TMONMN,UPU,CFmon,tnhusscpbl,CMIP6-core
m01s16i162,DALLTH,TMONMN,UPU,Emon,tnhusscp,CMIP6-N96HGM3
m01s16i181,DALLTH,TMONMN,UPU,CFmon,tnta,CMIP6-core
m01s16i181,DALLTH,TMONMN,UPU,CFmon,tntscpbl,CMIP6-core
m01s16i181,DALLTH,TMONMN,UPU,Emon,tntscp,CMIP6-N96HGM3
m01s16i182,DALLTH,TMONMN,UPU,CFmon,tnhusa,CMIP6-core
m01s16i182,DALLTH,TMONMN,UPU,CFmon,tnhusscpbl,CMIP6-core
m01s16i182,DALLTH,TMONMN,UPU,Emon,tnhusscp,CMIP6-N96HGM3
m01s16i201,DALLTH,TMONMN,UP4,AERmon,zg,CMIP6-N96HGM3
m01s16i205,PLEV7H,T6HR,UP7,6hrPlevPt,wbptemp7h,CMIP6-core
m01s16i222,DIAG,T3HR,UP8,CF3hr,psl,CMIP6-core
m01s16i222,DIAG,T6HR,UP7,6hrPlevPt,psl,CMIP6-core
m01s16i222,DIAG,T6HRMN,UP7,6hrPlev,psl,CMIP6-core
m01s16i222,DIAG,TDAYMN,UP6,day,psl,CMIP6-core
m01s16i222,DIAG,TMONMN,UP5,Amon,psl,CMIP6-core
m01s17i257,DALLTH,TDAYMN,UP6,Eday,loaddust,CMIP6-N96HGM3
m01s17i257,DALLTH,TMONMN,UP5,Emon,concdust,CMIP6-N96HGM3
m01s17i257,DALLTH,TMONMN,UP5,Emon,loaddust,CMIP6-N96HGM3
m01s17i257,DALLTH,TMONMN,UP5,Emon,sconcdust,CMIP6-N96HGM3
m01s19i001,DPFTS,TMONMN,UP5,Emon,cVegGrass,CMIP6-N96HGM3
m01s19i001,DPFTS,TMONMN,UP5,Emon,cVegShrub,CMIP6-N96HGM3
m01s19i001,DPFTS,TMONMN,UP5,Emon,cVegTree,CMIP6-N96HGM3
m01s19i001,DPFTS,TMONPT,UP5,Eyr,cVegLut,CMIP6-N96HGM3
m01s19i002,DIAG,TMONMN,UP5,Emon,cLand,CMIP6-core
m01s19i002,DIAG,TMONMN,UP5,Lmon,cVeg,CMIP6-core
m01s19i002,DIAG,TMONPT,UP5,Eyr,cVeg,CMIP6-N96HGM3
m01s19i005,DIAG,TMONMN,UP5,Lmon,fVegSoil,CMIP6-core
m01s19i013,DTILE,TMONMN,UP5,Amon,fco2nat,CMIP6-core
m01s19i013,DTILE,TMONMN,UP5,Emon,cVegGrass,CMIP6-N96HGM3
m01s19i013,DTILE,TMONMN,UP5,Emon,cVegShrub,CMIP6-N96HGM3
m01s19i013,DTILE,TMONMN,UP5,Emon,cVegTree,CMIP6-N96HGM3
m01s19i013,DTILE,TMONMN,UP5,Emon,cropFracC3,CMIP6-N96HGM3
m01s19i013,DTILE,TMONMN,UP5,Emon,cropFracC4,CMIP6-N96HGM3
m01s19i013,DTILE,TMONMN,UP5,Emon,fracLut,CMIP6-N96HGM3
m01s19i013,DTILE,TMONMN,UP5,Emon,gppGrass,CMIP6-N96HGM3
m01s19i013,DTILE,TMONMN,UP5,Emon,gppLut,CMIP6-N96HGM3
m01s19i013,DTILE,TMONMN,UP5,Emon,grassFracC3,CMIP6-N96HGM3
m01s19i013,DTILE,TMONMN,UP5,Emon,grassFracC4,CMIP6-N96HGM3
m01s19i013,DTILE,TMONMN,UP5,Emon,hussLut,CMIP6-N96HGM3
m01s19i013,DTILE,TMONMN,UP5,Emon,laiLut,CMIP6-N96HGM3
m01s19i013,DTILE,TMONMN,UP5,Emon,nLeaf,CMIP6-N96HGM3
m01s19i013,DTILE,TMONMN,UP5,Emon,nppGrass,CMIP6-N96HGM3
m01s19i013,DTILE,TMONMN,UP5,Emon,nppLut,CMIP6-N96HGM3
m01s19i013,DTILE,TMONMN,UP5,Emon,nppShrub,CMIP6-N96HGM3
m01s19i013,DTILE,TMONMN,UP5,Emon,nppTree,CMIP6-N96HGM3
m01s19i013,DTILE,TMONMN,UP5,Emon,nwdFracLut,CMIP6-N96HGM3
m01s19i013,DTILE,TMONMN,UP5,Emon,pastureFracC3,CMIP6-N96HGM3
m01s19i013,DTILE,TMONMN,UP5,Emon,pastureFracC4,CMIP6-N96HGM3
m01s19i013,DTILE,TMONMN,UP5,Emon,raGrass,CMIP6-N96HGM3
m01s19i013,DTILE,TMONMN,UP5,Emon,raShrub,CMIP6-N96HGM3
m01s19i013,DTILE,TMONMN,UP5,Emon,raTree,CMIP6-N96HGM3
m01s19i013,DTILE,TMONMN,UP5,Emon,rlusLut,CMIP6-N96HGM3
m01s19i013,DTILE,TMONMN,UP5,Emon,rsusLut,CMIP6-N96HGM3
m01s19i013,DTILE,TMONMN,UP5,Emon,tasLut,CMIP6-N96HGM3
m01s19i013,DTILE,TMONMN,UP5,Emon,treeFracBdlDcd,CMIP6-N96HGM3
m01s19i013,DTILE,TMONMN,UP5,Emon,treeFracBdlEvg,CMIP6-N96HGM3
m01s19i013,DTILE,TMONMN,UP5,Emon,treeFracNdlDcd,CMIP6-N96HGM3
m01s19i013,DTILE,TMONMN,UP5,Emon,treeFracNdlEvg,CMIP6-N96HGM3
m01s19i013,DTILE,TMONMN,UP5,Emon,tslsiLut,CMIP6-N96HGM3
m01s19i013,DTILE,TMONMN,UP5,Emon,vegFrac,CMIP6-N96HGM3
m01s19i013,DTILE,TMONMN,UP5,Emon,vegHeight,CMIP6-core
m01s19i013,DTILE,TMONMN,UP5,Emon,vegHeightCrop,CMIP6-N96HGM3
m01s19i013,DTILE,TMONMN,UP5,Emon,vegHeightGrass,CMIP6-N96HGM3
m01s19i013,DTILE,TMONMN,UP5,Emon,vegHeightPasture,CMIP6-N96HGM3
m01s19i013,DTILE,TMONMN,UP5,Emon,vegHeightShrub,CMIP6-N96HGM3
m01s19i013,DTILE,TMONMN,UP5,Emon,vegHeightTree,CMIP6-N96HGM3
m01s19i013,DTILE,TMONMN,UP5,Eyr,grassFrac,CMIP6-core
m01s19i013,DTILE,TMONMN,UP5,Eyr,residualFrac,CMIP6-core
m01s19i013,DTILE,TMONMN,UP5,Eyr,shrubFrac,CMIP6-core
m01s19i013,DTILE,TMONMN,UP5,Eyr,treeFrac,CMIP6-core
m01s19i013,DTILE,TMONMN,UP5,Eyr,vegFrac,CMIP6-core
m01s19i013,DTILE,TMONMN,UP5,Lmon,baresoilFrac,CMIP6-core
m01s19i013,DTILE,TMONMN,UP5,Lmon,c3PftFrac,CMIP6-core
m01s19i013,DTILE,TMONMN,UP5,Lmon,c4PftFrac,CMIP6-core
m01s19i013,DTILE,TMONMN,UP5,Lmon,cropFrac,CMIP6-core
m01s19i013,DTILE,TMONMN,UP5,Lmon,grassFrac,CMIP6-core
m01s19i013,DTILE,TMONMN,UP5,Lmon,lai,CMIP6-core
m01s19i013,DTILE,TMONMN,UP5,Lmon,landCoverFrac,CMIP6-core
m01s19i013,DTILE,TMONMN,UP5,Lmon,pastureFrac,CMIP6-core
m01s19i013,DTILE,TMONMN,UP5,Lmon,residualFrac,CMIP6-core
m01s19i013,DTILE,TMONMN,UP5,Lmon,shrubFrac,CMIP6-core
m01s19i013,DTILE,TMONMN,UP5,Lmon,treeFrac,CMIP6-core
m01s19i013,DTILE,TMONPT,UP5,Eyr,cVegLut,CMIP6-N96HGM3
m01s19i013,DTILE,TMONPT,UP5,Eyr,fracLut,CMIP6-N96HGM3
m01s19i014,DPFTS,TMONMN,UP5,Emon,laiLut,CMIP6-N96HGM3
m01s19i014,DPFTS,TMONMN,UP5,Lmon,lai,CMIP6-core
m01s19i015,DPFTS,TMONMN,UP5,Emon,vegHeight,CMIP6-core
m01s19i015,DPFTS,TMONMN,UP5,Emon,vegHeightCrop,CMIP6-N96HGM3
m01s19i015,DPFTS,TMONMN,UP5,Emon,vegHeightGrass,CMIP6-N96HGM3
m01s19i015,DPFTS,TMONMN,UP5,Emon,vegHeightPasture,CMIP6-N96HGM3
m01s19i015,DPFTS,TMONMN,UP5,Emon,vegHeightShrub,CMIP6-N96HGM3
m01s19i015,DPFTS,TMONMN,UP5,Emon,vegHeightTree,CMIP6-N96HGM3
m01s19i016,DIAG,TMONMN,UP5,Emon,cLand,CMIP6-core
m01s19i016,DIAG,TMONMN,UP5,Emon,cSoil,CMIP6-core
m01s19i016,DIAG,TMONPT,UP5,Eyr,cSoil,CMIP6-N96HGM3
m01s19i021,DIAG,TMONMN,UP5,Emon,cSoilPools,CMIP6-N96HGM3
m01s19i021,DIAG,TMONMN,UP5,Lmon,cSoilFast,CMIP6-core
m01s19i022,DIAG,TMONMN,UP5,Emon,cSoilPools,CMIP6-N96HGM3
m01s19i022,DIAG,TMONMN,UP5,Lmon,cSoilFast,CMIP6-core
m01s19i023,DIAG,TMONMN,UP5,Emon,cSoilPools,CMIP6-N96HGM3
m01s19i023,DIAG,TMONMN,UP5,Lmon,cSoilFast,CMIP6-core
m01s19i024,DIAG,TMONMN,UP5,Emon,cSoilPools,CMIP6-N96HGM3
m01s19i024,DIAG,TMONMN,UP5,Lmon,cSoilMedium,CMIP6-core
m01s19i026,DIAG,TMONMN,UP5,Lmon,cLeaf,CMIP6-core
m01s19i028,DIAG,TMONMN,UP5,Emon,cStem,CMIP6-N96HGM3
m01s19i030,DIAG,TMONMN,UP5,Lmon,cRoot,CMIP6-core
m01s19i032,DIAG,TMONMN,UP5,Emon,cLand,CMIP6-core
m01s19i032,DIAG,TMONMN,UP5,Lmon,cProduct,CMIP6-core
m01s19i032,DIAG,TMONPT,UP5,Eyr,cProduct,CMIP6-N96HGM3
m01s19i033,DIAG,TMONMN,UP5,Emon,cLand,CMIP6-core
m01s19i033,DIAG,TMONMN,UP5,Lmon,cProduct,CMIP6-core
m01s19i033,DIAG,TMONPT,UP5,Eyr,cProduct,CMIP6-N96HGM3
m01s19i034,DIAG,TMONMN,UP5,Emon,cLand,CMIP6-core
m01s19i034,DIAG,TMONMN,UP5,Lmon,cProduct,CMIP6-core
m01s19i034,DIAG,TMONPT,UP5,Eyr,cProduct,CMIP6-N96HGM3
m01s19i036,DIAG,TMONMN,UP5,Emon,fDeforestToProduct,CMIP6-N96HGM3
m01s19i037,DIAG,TMONMN,UP5,Emon,fDeforestToProduct,CMIP6-N96HGM3
m01s19i038,DIAG,TMONMN,UP5,Emon,fDeforestToProduct,CMIP6-N96HGM3
m01s19i039,DIAG,TMONMN,UP5,Emon,fLuc,CMIP6-core
m01s19i040,DIAG,TMONMN,UP5,Emon,fLuc,CMIP6-core
m01s19i041,DIAG,TMONMN,UP5,Emon,fLuc,CMIP6-core
m01s19i042,DIAG,TMONMN,UP5,Amon,fco2antt,CMIP6-core
m01s19i042,DIAG,TMONMN,UP5,Emon,fProductDecomp,CMIP6-N96HGM3
m01s19i042,DIAG,TMONMN,UP5,Lmon,nbp,CMIP6-core
m01s19i044,DIAG,TMONMN,UP5,Amon,fco2antt,CMIP6-core
m01s19i044,DIAG,TMONMN,UP5,Emon,fHarvestToAtmos,CMIP6-N96HGM3
m01s19i044,DIAG,TMONMN,UP5,Lmon,fHarvest,CMIP6-core
m01s19i044,DIAG,TMONMN,UP5,Lmon,nbp,CMIP6-core
m01s19i053,DIAG,TMONMN,UP5,Lmon,nbp,CMIP6-core
m01s19i053,DIAG,TMONMN,UP5,Lmon,rh,CMIP6-core
m01s19i101,DPFTS,TMONMN,UP5,Amon,fco2nat,CMIP6-core
m01s19i101,DPFTS,TMONMN,UP5,Emon,gppLut,CMIP6-N96HGM3
m01s19i101,DPFTS,TMONMN,UP5,Emon,nppGrass,CMIP6-N96HGM3
m01s19i101,DPFTS,TMONMN,UP5,Emon,nppLut,CMIP6-N96HGM3
m01s19i101,DPFTS,TMONMN,UP5,Emon,nppShrub,CMIP6-N96HGM3
m01s19i101,DPFTS,TMONMN,UP5,Emon,nppTree,CMIP6-N96HGM3
m01s19i102,DIAG,TMONMN,UP5,Lmon,nbp,CMIP6-core
m01s19i102,DIAG,TMONMN,UP5,Lmon,npp,CMIP6-core
m01s19i113,DIAG,TMONMN,UP5,Emon,fBNF,CMIP6-N96HGM3
m01s19i113,DIAG,TMONMN,UP5,Emon,fNup,CMIP6-N96HGM3
m01s19i114,DIAG,TMONMN,UP5,Emon,fNleach,CMIP6-N96HGM3
m01s19i117,DIAG,TMONMN,UP5,Emon,fNgas,CMIP6-N96HGM3
m01s19i117,DIAG,TMONMN,UP5,Emon,fNgasNonFire,CMIP6-N96HGM3
m01s19i118,DIAG,TMONMN,UP5,Emon,fNloss,CMIP6-N96HGM3
m01s19i120,DIAG,TMONMN,UP5,Emon,fNAnthDisturb,CMIP6-N96HGM3
m01s19i122,DIAG,TMONMN,UP5,Emon,fNAnthDisturb,CMIP6-N96HGM3
m01s19i124,DIAG,TMONMN,UP5,Emon,fNVegSoil,CMIP6-N96HGM3
m01s19i126,DIAG,TMONMN,UP5,Emon,fNfert,CMIP6-N96HGM3
m01s19i131,DPFTS,TMONMN,UP5,Emon,nStem,CMIP6-N96HGM3
m01s19i132,DPFTS,TMONMN,UP5,Emon,nLeaf,CMIP6-N96HGM3
m01s19i133,DPFTS,TMONMN,UP5,Emon,nRoot,CMIP6-N96HGM3
m01s19i137,DIAG,TMONMN,UP5,Emon,nVeg,CMIP6-N96HGM3
m01s19i145,DIAG,TMONMN,UP5,Emon,nSoil,CMIP6-N96HGM3
m01s19i146,DIAG,TMONMN,UP5,Emon,nMineral,CMIP6-N96HGM3
m01s19i147,DIAG,TMONMN,UP5,Emon,nLand,CMIP6-N96HGM3
m01s19i160,DIAG,TMONMN,UP5,Emon,fNup,CMIP6-N96HGM3
m01s19i171,DIAG,TMONMN,UP5,Emon,fNnetmin,CMIP6-N96HGM3
m01s19i181,DIAG,TMONMN,UP5,Emon,fNnetmin,CMIP6-N96HGM3
m01s19i182,DPFTS,TMONMN,UP5,Emon,gppGrass,CMIP6-N96HGM3
m01s19i183,DIAG,TMONMN,UP5,Lmon,gpp,CMIP6-core
m01s19i184,DPFTS,TMONMN,UP5,Emon,raGrass,CMIP6-N96HGM3
m01s19i184,DPFTS,TMONMN,UP5,Emon,raShrub,CMIP6-N96HGM3
m01s19i184,DPFTS,TMONMN,UP5,Emon,raTree,CMIP6-N96HGM3
m01s19i185,DIAG,TMONMN,UP5,Lmon,ra,CMIP6-core
m01s26i003,DIAG,TDAYMN,UP6,Eday,rivo,CMIP6-core
m01s26i004,DIAG,TDAYMN,UP6,Eday,rivi,CMIP6-core
m01s30i008,DALLTH,TMONMN,UP5,Emon,wap,CMIP6-core
m01s30i011,DALLRH,TMONMN,UP5,Emon,u2,CMIP6-core
m01s30i012,DALLRH,TMONMN,UP5,Emon,uv,CMIP6-core
m01s30i014,DALLRH,TMONMN,UP5,Emon,ut,CMIP6-core
m01s30i022,DALLRH,TMONMN,UP5,Emon,v2,CMIP6-core
m01s30i024,DALLRH,TMONMN,UP5,Emon,vt,CMIP6-core
m01s30i044,DALLRH,TMONMN,UP5,Emon,t2,CMIP6-core
m01s30i111,DALLTH,T6HR,UP7,6hrLev,ta,CMIP6-core
m01s30i111,DALLTH,TMONMN,UP5,CFmon,ta,CMIP6-core
m01s30i113,DALLTH,TMONMN,UP5,CFmon,hur,CMIP6-core
m01s30i115,DALLRH,TMONMN,UP5,Emon,t2,CMIP6-core
m01s30i115,DALLRH,TMONMN,UP5,Emon,u2,CMIP6-core
m01s30i115,DALLRH,TMONMN,UP5,Emon,ut,CMIP6-core
m01s30i115,DALLRH,TMONMN,UP5,Emon,uv,CMIP6-core
m01s30i115,DALLRH,TMONMN,UP5,Emon,v2,CMIP6-core
m01s30i115,DALLRH,TMONMN,UP5,Emon,vt,CMIP6-core
m01s30i181,DALLTH,TMONMN,UPU,CFmon,tnt,CMIP6-core
m01s30i181,DALLTH,TMONMN,UPU,CFmon,tnta,CMIP6-core
m01s30i182,DALLTH,TMONMN,UPU,CFmon,tnhus,CMIP6-core
m01s30i182,DALLTH,TMONMN,UPU,CFmon,tnhusa,CMIP6-core
m01s30i201,DP10,TDAYMN,UP6,AERday,ua10,CMIP6-N96HGM3
m01s30i201,PLEV19,TDAYMN,UP6,Eday,ua,CMIP6-core
m01s30i201,PLEV19,TDAYMN,UP6,Eday,va,CMIP6-core
m01s30i201,PLEV19,TMONMN,UP5,Amon,ua,CMIP6-core
m01s30i201,PLEV19,TMONMN,UP5,Amon,va,CMIP6-core
m01s30i201,PLEV19Z,TDAYMN,UP6,EdayZ,va,CMIP6-core
m01s30i201,PLEV27,TMONMN,UP5,Emon,ua27,CMIP6-core
m01s30i201,PLEV27,TMONMN,UP5,Emon,va27,CMIP6-core
m01s30i201,PLEV3,T6HR,UP7,6hrPlevPt,ua,CMIP6-core
m01s30i201,PLEV3,T6HR,UP7,6hrPlevPt,va,CMIP6-core
m01s30i201,PLEV39Z,TDAYMN,UP6,EdayZ,epfy,CMIP6-core
m01s30i201,PLEV39Z,TDAYMN,UP6,EdayZ,epfz,CMIP6-core
m01s30i201,PLEV39Z,TDAYMN,UP6,EdayZ,ua,CMIP6-core
m01s30i201,PLEV39Z,TDAYMN,UP6,EdayZ,utendepfd,CMIP6-core
m01s30i201,PLEV39Z,TDAYMN,UP6,EdayZ,vtem,CMIP6-core
m01s30i201,PLEV39Z,TDAYMN,UP6,EdayZ,wtem,CMIP6-core
m01s30i201,PLEV39Z,TMONMN,UP4,AERmonZ,ua,CMIP6-core
m01s30i201,PLEV39Z,TMONMN,UP4,AERmonZ,va,CMIP6-N96HGM3
m01s30i201,PLEV39Z,TMONMN,UP5,EmonZ,epfy,CMIP6-core
m01s30i201,PLEV39Z,TMONMN,UP5,EmonZ,epfz,CMIP6-core
m01s30i201,PLEV39Z,TMONMN,UP5,EmonZ,utendepfd,CMIP6-core
m01s30i201,PLEV39Z,TMONMN,UP5,EmonZ,vtem,CMIP6-core
m01s30i201,PLEV39Z,TMONMN,UP5,EmonZ,wtem,CMIP6-core
m01s30i201,PLEV7H,T3HR,UP8,E3hrPt,ua7h,CMIP6-core
m01s30i201,PLEV7H,T3HR,UP8,E3hrPt,va7h,CMIP6-core
m01s30i201,PLEV7H,T6HR,UP7,6hrPlevPt,ua7h,CMIP6-core
m01s30i201,PLEV7H,T6HR,UP7,6hrPlevPt,va7h,CMIP6-core
m01s30i201,PLEV7H,TMONMN,UP5,Emon,ua,CMIP6-core
m01s30i201,PLEV7H,TMONMN,UP5,Emon,va,CMIP6-core
m01s30i201,PLEV7H,TMONMN,UP5,Emon,va7h,CMIP6-core
m01s30i201,PLEV8,TDAYMN,UP6,day,ua,CMIP6-core
m01s30i201,PLEV8,TDAYMN,UP6,day,va,CMIP6-core
m01s30i202,DP10,TDAYMN,UP6,AERday,ua10,CMIP6-N96HGM3
m01s30i202,PLEV19,TDAYMN,UP6,Eday,ua,CMIP6-core
m01s30i202,PLEV19,TDAYMN,UP6,Eday,va,CMIP6-core
m01s30i202,PLEV19,TMONMN,UP5,Amon,ua,CMIP6-core
m01s30i202,PLEV19,TMONMN,UP5,Amon,va,CMIP6-core
m01s30i202,PLEV19Z,TDAYMN,UP6,EdayZ,va,CMIP6-core
m01s30i202,PLEV27,TMONMN,UP5,Emon,ua27,CMIP6-core
m01s30i202,PLEV27,TMONMN,UP5,Emon,va27,CMIP6-core
m01s30i202,PLEV3,T6HR,UP7,6hrPlevPt,ua,CMIP6-core
m01s30i202,PLEV3,T6HR,UP7,6hrPlevPt,va,CMIP6-core
m01s30i202,PLEV39Z,TDAYMN,UP6,EdayZ,epfy,CMIP6-core
m01s30i202,PLEV39Z,TDAYMN,UP6,EdayZ,epfz,CMIP6-core
m01s30i202,PLEV39Z,TDAYMN,UP6,EdayZ,ua,CMIP6-core
m01s30i202,PLEV39Z,TDAYMN,UP6,EdayZ,utendepfd,CMIP6-core
m01s30i202,PLEV39Z,TDAYMN,UP6,EdayZ,vtem,CMIP6-core
m01s30i202,PLEV39Z,TDAYMN,UP6,EdayZ,wtem,CMIP6-core
m01s30i202,PLEV39Z,TMONMN,UP4,AERmonZ,ua,CMIP6-core
m01s30i202,PLEV39Z,TMONMN,UP4,AERmonZ,va,CMIP6-N96HGM3
m01s30i202,PLEV39Z,TMONMN,UP5,EmonZ,epfy,CMIP6-core
m01s30i202,PLEV39Z,TMONMN,UP5,EmonZ,epfz,CMIP6-core
m01s30i202,PLEV39Z,TMONMN,UP5,EmonZ,utendepfd,CMIP6-core
m01s30i202,PLEV39Z,TMONMN,UP5,EmonZ,vtem,CMIP6-core
m01s30i202,PLEV39Z,TMONMN,UP5,EmonZ,wtem,CMIP6-core
m01s30i202,PLEV7H,T3HR,UP8,E3hrPt,ua7h,CMIP6-core
m01s30i202,PLEV7H,T3HR,UP8,E3hrPt,va7h,CMIP6-core
m01s30i202,PLEV7H,T6HR,UP7,6hrPlevPt,ua7h,CMIP6-core
m01s30i202,PLEV7H,T6HR,UP7,6hrPlevPt,va7h,CMIP6-core
m01s30i202,PLEV7H,TMONMN,UP5,Emon,ua,CMIP6-core
m01s30i202,PLEV7H,TMONMN,UP5,Emon,va,CMIP6-core
m01s30i202,PLEV7H,TMONMN,UP5,Emon,va7h,CMIP6-core
m01s30i202,PLEV8,TDAYMN,UP6,day,ua,CMIP6-core
m01s30i202,PLEV8,TDAYMN,UP6,day,va,CMIP6-core
m01s30i294,DP500,TDAYMN,UP6,Eday,ta500,CMIP6-N96HGM3
m01s30i294,DP700,TDAYMN,UP6,CFday,ta700,CMIP6-core
m01s30i294,DP850,TDAYMN,UP6,Eday,ta850,CMIP6-core
m01s30i294,PLEV19,TDAYMN,UP6,Eday,ta,CMIP6-core
m01s30i294,PLEV19,TMONMN,UP5,Amon,ta,CMIP6-core
m01s30i294,PLEV19Z,TDAYMN,UP6,EdayZ,ta,CMIP6-N96HGM3
m01s30i294,PLEV27,TMONMN,UP5,Emon,ta27,CMIP6-core
m01s30i294,PLEV3,T6HR,UP7,6hrPlevPt,ta,CMIP6-core
m01s30i294,PLEV39Z,TMONMN,UP4,AERmonZ,ta,CMIP6-core
m01s30i294,PLEV7H,T3HR,UP8,E3hrPt,ta7h,CMIP6-core
m01s30i294,PLEV7H,T6HR,UP7,6hrPlevPt,ta7h,CMIP6-core
m01s30i294,PLEV8,TDAYMN,UP6,day,ta,CMIP6-core
m01s30i295,DP850,TDAYMN,UP6,Eday,hus850,CMIP6-N96HGM3
m01s30i295,PLEV19,TDAYMN,UP6,Eday,hus,CMIP6-core
m01s30i295,PLEV19,TMONMN,UP5,Amon,hus,CMIP6-core
m01s30i295,PLEV19Z,TDAYMN,UP6,EdayZ,hus,CMIP6-N96HGM3
m01s30i295,PLEV27,TMONMN,UP5,Emon,hus27,CMIP6-core
m01s30i295,PLEV4,T6HRMN,UP7,6hrPlev,hus4,CMIP6-core
m01s30i295,PLEV7H,T3HR,UP8,E3hrPt,hus7h,CMIP6-core
m01s30i295,PLEV7H,T6HR,UP7,6hrPlevPt,hus7h,CMIP6-core
m01s30i295,PLEV7H,TMONMN,UP5,Emon,hus,CMIP6-core
m01s30i295,PLEV8,TDAYMN,UP6,day,hus,CMIP6-core
m01s30i296,PLEV19,TMONMN,UP5,Amon,hur,CMIP6-core
m01s30i296,PLEV8,TDAYMN,UP6,day,hur,CMIP6-core
m01s30i297,DP10,TDAYMN,UP6,AERday,zg10,CMIP6-N96HGM3
m01s30i297,DP100,TDAYMN,UP6,AERday,zg100,CMIP6-N96HGM3
m01s30i297,DP1000,T6HRMN,UP7,6hrPlev,zg1000,CMIP6-core
m01s30i297,DP1000,TDAYMN,UP6,AERday,zg1000,CMIP6-N96HGM3
m01s30i297,DP500,T6HR,UP7,6hrPlevPt,zg500,CMIP6-core
m01s30i297,DP500,TDAYMN,UP6,AERday,zg500,CMIP6-core
m01s30i297,PLEV19,TDAYMN,UP6,Eday,zg,CMIP6-core
m01s30i297,PLEV19,TMONMN,UP5,Amon,zg,CMIP6-core
m01s30i297,PLEV19Z,TDAYMN,UP6,EdayZ,zg,CMIP6-core
m01s30i297,PLEV27,TMONMN,UP5,Emon,zg27,CMIP6-core
m01s30i297,PLEV39Z,TMONMN,UP4,AERmonZ,zg,CMIP6-N96HGM3
m01s30i297,PLEV7H,T6HR,UP7,6hrPlevPt,zg7h,CMIP6-core
m01s30i297,PLEV8,TDAYMN,UP6,day,zg,CMIP6-core
m01s30i298,DP500,TDAYMN,UP6,CFday,wap500,CMIP6-core
m01s30i298,PLEV19,TDAYMN,UP6,Eday,wap,CMIP6-core
m01s30i298,PLEV19,TMONMN,UP5,Amon,wap,CMIP6-core
m01s30i298,PLEV4,T6HRMN,UP7,6hrPlev,wap4,CMIP6-core
m01s30i298,PLEV7H,T3HR,UP8,E3hrPt,wap7h,CMIP6-core
m01s30i298,PLEV8,TDAYMN,UP6,day,wap,CMIP6-core
m01s30i301,DP10,TDAYMN,UP6,AERday,ua10,CMIP6-N96HGM3
m01s30i301,PLEV19,TDAYMN,UP6,Eday,ua,CMIP6-core
m01s30i301,PLEV19,TDAYMN,UP6,Eday,va,CMIP6-core
m01s30i301,PLEV19,TMONMN,UP5,Amon,ua,CMIP6-core
m01s30i301,PLEV19,TMONMN,UP5,Amon,va,CMIP6-core
m01s30i301,PLEV19Z,TDAYMN,UP6,EdayZ,va,CMIP6-core
m01s30i301,PLEV27,TMONMN,UP5,Emon,ua27,CMIP6-core
m01s30i301,PLEV27,TMONMN,UP5,Emon,va27,CMIP6-core
m01s30i301,PLEV3,T6HR,UP7,6hrPlevPt,ua,CMIP6-core
m01s30i301,PLEV3,T6HR,UP7,6hrPlevPt,va,CMIP6-core
m01s30i301,PLEV39Z,TDAYMN,UP6,EdayZ,epfy,CMIP6-core
m01s30i301,PLEV39Z,TDAYMN,UP6,EdayZ,epfz,CMIP6-core
m01s30i301,PLEV39Z,TDAYMN,UP6,EdayZ,ua,CMIP6-core
m01s30i301,PLEV39Z,TDAYMN,UP6,EdayZ,utendepfd,CMIP6-core
m01s30i301,PLEV39Z,TDAYMN,UP6,EdayZ,vtem,CMIP6-core
m01s30i301,PLEV39Z,TDAYMN,UP6,EdayZ,wtem,CMIP6-core
m01s30i301,PLEV39Z,TMONMN,UP4,AERmonZ,ua,CMIP6-core
m01s30i301,PLEV39Z,TMONMN,UP4,AERmonZ,va,CMIP6-N96HGM3
m01s30i301,PLEV39Z,TMONMN,UP5,EmonZ,epfy,CMIP6-core
m01s30i301,PLEV39Z,TMONMN,UP5,EmonZ,epfz,CMIP6-core
m01s30i301,PLEV39Z,TMONMN,UP5,EmonZ,utendepfd,CMIP6-core
m01s30i301,PLEV39Z,TMONMN,UP5,EmonZ,vtem,CMIP6-core
m01s30i301,PLEV39Z,TMONMN,UP5,EmonZ,wtem,CMIP6-core
m01s30i301,PLEV7H,T3HR,UP8,E3hrPt,ua7h,CMIP6-core
m01s30i301,PLEV7H,T3HR,UP8,E3hrPt,va7h,CMIP6-core
m01s30i301,PLEV7H,T6HR,UP7,6hrPlevPt,ua7h,CMIP6-core
m01s30i301,PLEV7H,T6HR,UP7,6hrPlevPt,va7h,CMIP6-core
m01s30i301,PLEV7H,TMONMN,UP5,Emon,ua,CMIP6-core
m01s30i301,PLEV7H,TMONMN,UP5,Emon,va,CMIP6-core
m01s30i301,PLEV7H,TMONMN,UP5,Emon,va7h,CMIP6-core
m01s30i301,PLEV8,TDAYMN,UP6,day,ua,CMIP6-core
m01s30i301,PLEV8,TDAYMN,UP6,day,va,CMIP6-core
m01s30i304,DP10,TDAYMN,UP6,AERday,zg10,CMIP6-N96HGM3
m01s30i304,DP100,TDAYMN,UP6,AERday,zg100,CMIP6-N96HGM3
m01s30i304,DP1000,T6HRMN,UP7,6hrPlev,zg1000,CMIP6-core
m01s30i304,DP1000,TDAYMN,UP6,AERday,zg1000,CMIP6-N96HGM3
m01s30i304,DP500,T6HR,UP7,6hrPlevPt,zg500,CMIP6-core
m01s30i304,DP500,TDAYMN,UP6,AERday,zg500,CMIP6-core
m01s30i304,DP500,TDAYMN,UP6,CFday,wap500,CMIP6-core
m01s30i304,DP500,TDAYMN,UP6,Eday,ta500,CMIP6-N96HGM3
m01s30i304,DP700,TDAYMN,UP6,CFday,ta700,CMIP6-core
m01s30i304,DP850,TDAYMN,UP6,Eday,hus850,CMIP6-N96HGM3
m01s30i304,DP850,TDAYMN,UP6,Eday,ta850,CMIP6-core
m01s30i304,PLEV19,TDAYMN,UP6,Eday,hus,CMIP6-core
m01s30i304,PLEV19,TDAYMN,UP6,Eday,ta,CMIP6-core
m01s30i304,PLEV19,TDAYMN,UP6,Eday,wap,CMIP6-core
m01s30i304,PLEV19,TDAYMN,UP6,Eday,zg,CMIP6-core
m01s30i304,PLEV19,TMONMN,UP5,Amon,hur,CMIP6-core
m01s30i304,PLEV19,TMONMN,UP5,Amon,hus,CMIP6-core
m01s30i304,PLEV19,TMONMN,UP5,Amon,ta,CMIP6-core
m01s30i304,PLEV19,TMONMN,UP5,Amon,wap,CMIP6-core
m01s30i304,PLEV19,TMONMN,UP5,Amon,zg,CMIP6-core
m01s30i304,PLEV19Z,TDAYMN,UP6,EdayZ,hus,CMIP6-N96HGM3
m01s30i304,PLEV19Z,TDAYMN,UP6,EdayZ,ta,CMIP6-N96HGM3
m01s30i304,PLEV19Z,TDAYMN,UP6,EdayZ,zg,CMIP6-core
m01s30i304,PLEV27,TMONMN,UP5,Emon,hus27,CMIP6-core
m01s30i304,PLEV27,TMONMN,UP5,Emon,ta27,CMIP6-core
m01s30i304,PLEV27,TMONMN,UP5,Emon,zg27,CMIP6-core
m01s30i304,PLEV3,T6HR,UP7,6hrPlevPt,ta,CMIP6-core
m01s30i304,PLEV39Z,TMONMN,UP4,AERmonZ,ta,CMIP6-core
m01s30i304,PLEV39Z,TMONMN,UP4,AERmonZ,zg,CMIP6-N96HGM3
m01s30i304,PLEV4,T6HRMN,UP7,6hrPlev,hus4,CMIP6-core
m01s30i304,PLEV4,T6HRMN,UP7,6hrPlev,wap4,CMIP6-core
m01s30i304,PLEV7H,T3HR,UP8,E3hrPt,hus7h,CMIP6-core
m01s30i304,PLEV7H,T3HR,UP8,E3hrPt,ta7h,CMIP6-core
m01s30i304,PLEV7H,T3HR,UP8,E3hrPt,wap7h,CMIP6-core
m01s30i304,PLEV7H,T6HR,UP7,6hrPlevPt,hus7h,CMIP6-core
m01s30i304,PLEV7H,T6HR,UP7,6hrPlevPt,ta7h,CMIP6-core
m01s30i304,PLEV7H,T6HR,UP7,6hrPlevPt,zg7h,CMIP6-core
m01s30i304,PLEV7H,TMONMN,UP5,Emon,hus,CMIP6-core
m01s30i304,PLEV8,TDAYMN,UP6,day,hur,CMIP6-core
m01s30i304,PLEV8,TDAYMN,UP6,day,hus,CMIP6-core
m01s30i304,PLEV8,TDAYMN,UP6,day,ta,CMIP6-core
m01s30i304,PLEV8,TDAYMN,UP6,day,wap,CMIP6-core
m01s30i304,PLEV8,TDAYMN,UP6,day,zg,CMIP6-core
m01s30i310,PLEV39,TDAYMN,UP6,EdayZ,vtem,CMIP6-core
m01s30i310,PLEV39,TMONMN,UP5,EmonZ,vtem,CMIP6-core
m01s30i311,PLEV39,TDAYMN,UP6,EdayZ,wtem,CMIP6-core
m01s30i311,PLEV39,TMONMN,UP5,EmonZ,wtem,CMIP6-core
m01s30i312,PLEV39,TDAYMN,UP6,EdayZ,epfy,CMIP6-core
m01s30i312,PLEV39,TMONMN,UP5,EmonZ,epfy,CMIP6-core
m01s30i313,PLEV39,TDAYMN,UP6,EdayZ,epfz,CMIP6-core
m01s30i313,PLEV39,TMONMN,UP5,EmonZ,epfz,CMIP6-core
m01s30i314,PLEV39,TDAYMN,UP6,EdayZ,utendepfd,CMIP6-core
m01s30i314,PLEV39,TMONMN,UP5,EmonZ,utendepfd,CMIP6-core
m01s30i422,DIAG,TMONMN,UP5,Emon,intuadse,CMIP6-N96HGM3
m01s30i423,DIAG,TMONMN,UP5,Emon,intvadse,CMIP6-N96HGM3
m01s30i425,DIAG,TMONMN,UP5,Emon,intuadse,CMIP6-N96HGM3
m01s30i426,DIAG,TMONMN,UP5,Emon,intvadse,CMIP6-N96HGM3
m01s30i428,DIAG,TMONMN,UP5,Emon,uqint,CMIP6-core
m01s30i429,DIAG,TMONMN,UP5,Emon,vqint,CMIP6-core
m01s30i451,DIAG,TMONMN,UP4,AERmon,ptp,CMIP6-core
m01s30i452,DIAG,TMONMN,UP4,AERmon,tatp,CMIP6-core
m01s30i453,DIAG,TMONMN,UP4,AERmon,ztp,CMIP6-core
m01s30i455,DIAG,T6HR,UP7,6hrPlevPt,rv850,CMIP6-core
m01s30i455,DIAG,T6HRMN,UP7,6hrPlev,rv850,CMIP6-core
m01s30i457,DPL700,T6HR,UP7,6hrPlevPt,vortmean,CMIP6-core
m01s30i461,DIAG,T3HR,UP8,CF3hr,prw,CMIP6-N96HGM3
m01s30i461,DIAG,TDAYMN,UP6,Eday,prw,CMIP6-core
m01s30i461,DIAG,TMONMN,UP5,Amon,prw,CMIP6-core
m01s30i462,DIAG,TMONMN,UP5,Emon,intuaw,CMIP6-N96HGM3
m01s30i463,DIAG,TMONMN,UP5,Emon,intvaw,CMIP6-N96HGM3
m01s30i465,DIAG,TMONMN,UP5,Amon,co2mass,CMIP6-core
m01s30i465,DIAG,TMONMN,UP5,Amon,co2massClim,CMIP6-core
m01s34i001,DALLTH,T1HRMN,UP9,AERhr,sfo3,CMIP6-N96HGM3
m01s34i001,DALLTH,TDAYMAX,UP6,AERday,sfo3max,CMIP6-N96HGM3
m01s34i001,DALLTH,TMONMN,UP4,AERmon,o3,CMIP6-N96HGM3
m01s34i001,DALLTH,TMONMN,UP4,AERmon,tropoz,CMIP6-core
m01s34i002,DALLTH,TMONMN,UP4,AERmon,no,CMIP6-N96HGM3
m01s34i007,DALLTH,TMONMN,UP4,AERmon,hno3,CMIP6-N96HGM3
m01s34i009,DALLTH,TMONMN,UP4,AERmon,ch4,CMIP6-N96HGM3
m01s34i009,DALLTH,TMONMN,UP5,Amon,ch4global,CMIP6-core
m01s34i009,DALLTH,TMONMN,UP5,Amon,ch4globalClim,CMIP6-core
m01s34i010,DALLTH,TMONMN,UP4,AERmon,co,CMIP6-N96HGM3
m01s34i011,DALLTH,TMONMN,UP4,AERmon,hcho,CMIP6-N96HGM3
m01s34i014,DALLTH,TMONMN,UP4,AERmon,c2h6,CMIP6-N96HGM3
m01s34i017,DALLTH,TMONMN,UP4,AERmon,pan,CMIP6-N96HGM3
m01s34i018,DALLTH,TMONMN,UP4,AERmon,c3h8,CMIP6-N96HGM3
m01s34i022,DALLTH,TMONMN,UP4,AERmon,ch3coch3,CMIP6-N96HGM3
m01s34i027,DALLTH,TMONMN,UP4,AERmon,isop,CMIP6-N96HGM3
m01s34i049,DALLTH,TMONMN,UP4,AERmon,n2o,CMIP6-N96HGM3
m01s34i049,DALLTH,TMONMN,UP5,Amon,n2oglobal,CMIP6-core
m01s34i049,DALLTH,TMONMN,UP5,Amon,n2oglobalClim,CMIP6-core
m01s34i055,DALLTH,TMONMN,UP5,Amon,cfc11global,CMIP6-core
m01s34i056,DALLTH,TMONMN,UP5,Amon,cfc12global,CMIP6-core
m01s34i071,DALLTH,TMONMN,UP4,AERmon,dms,CMIP6-N96HGM3
m01s34i072,DALLTH,TMONMN,UP4,AERmon,so2,CMIP6-N96HGM3
m01s34i102,DALLTH,TMONMN,UP4,AERmon,mmrso4,CMIP6-N96HGM3
m01s34i104,DALLTH,TMONMN,UP4,AERmon,mmrso4,CMIP6-N96HGM3
m01s34i105,DALLTH,TMONMN,UP4,AERmon,mmrbc,CMIP6-N96HGM3
m01s34i106,DALLTH,TMONMN,UP4,AERmon,mmroa,CMIP6-N96HGM3
m01s34i108,DALLTH,TMONMN,UP4,AERmon,mmrso4,CMIP6-N96HGM3
m01s34i109,DALLTH,TMONMN,UP4,AERmon,mmrbc,CMIP6-N96HGM3
m01s34i110,DALLTH,TMONMN,UP4,AERmon,mmroa,CMIP6-N96HGM3
m01s34i111,DALLTH,TMONMN,UP4,AERmon,mmrss,CMIP6-N96HGM3
m01s34i114,DALLTH,TMONMN,UP4,AERmon,mmrso4,CMIP6-N96HGM3
m01s34i115,DALLTH,TMONMN,UP4,AERmon,mmrbc,CMIP6-N96HGM3
m01s34i116,DALLTH,TMONMN,UP4,AERmon,mmroa,CMIP6-N96HGM3
m01s34i117,DALLTH,TMONMN,UP4,AERmon,mmrss,CMIP6-N96HGM3
m01s34i120,DALLTH,TMONMN,UP4,AERmon,mmrbc,CMIP6-N96HGM3
m01s34i121,DALLTH,TMONMN,UP4,AERmon,mmroa,CMIP6-N96HGM3
m01s34i126,DALLTH,TMONMN,UP4,AERmon,mmroa,CMIP6-N96HGM3
m01s34i992,DALLTH,TMONMN,UP4,AERmon,hcl,CMIP6-N96HGM3
m01s34i992,DALLTH,TMONMN,UP4,AERmonZ,hcl,CMIP6-N96HGM3
m01s34i995,DALLTH,TMONMN,UP4,AERmon,oh,CMIP6-N96HGM3
m01s34i996,DALLTH,T1HRMN,UP9,AERhr,sfno2,CMIP6-N96HGM3
m01s34i996,DALLTH,TMONMN,UP4,AERmon,no2,CMIP6-N96HGM3
m01s35i024,DALLTH,TMONMN,UPU,CFmon,tnta,CMIP6-core
m01s35i025,DALLTH,TMONMN,UPU,CFmon,tnhusa,CMIP6-core
m01s38i201,DALLTH,TMONMN,UP4,AERmon,cheaqpso4,CMIP6-N96HGM3
m01s38i201,DALLTH,TMONMN,UP4,AERmon,emiso4,CMIP6-core
m01s38i202,DALLTH,TMONMN,UP4,AERmon,cheaqpso4,CMIP6-N96HGM3
m01s38i202,DALLTH,TMONMN,UP4,AERmon,emiso4,CMIP6-core
m01s38i203,DALLTH,TMONMN,UP4,AERmon,cheaqpso4,CMIP6-N96HGM3
m01s38i203,DALLTH,TMONMN,UP4,AERmon,emiso4,CMIP6-core
m01s38i204,DALLTH,TMONMN,UP4,AERmon,emiss,CMIP6-core
m01s38i205,DALLTH,TMONMN,UP4,AERmon,emiss,CMIP6-core
m01s38i207,DALLTH,TMONMN,UP4,AERmon,emibc,CMIP6-core
m01s38i209,DALLTH,TMONMN,UP4,AERmon,emioa,CMIP6-core
m01s38i214,DALLTH,TMONMN,UP4,AERmon,dryso4,CMIP6-core
m01s38i215,DALLTH,TMONMN,UP4,AERmon,dryso4,CMIP6-core
m01s38i216,DALLTH,TMONMN,UP4,AERmon,dryso4,CMIP6-core
m01s38i217,DALLTH,TMONMN,UP4,AERmon,dryso4,CMIP6-core
m01s38i218,DALLTH,TMONMN,UP4,AERmon,dryss,CMIP6-core
m01s38i219,DALLTH,TMONMN,UP4,AERmon,dryss,CMIP6-core
m01s38i220,DALLTH,TMONMN,UP4,AERmon,drybc,CMIP6-core
m01s38i221,DALLTH,TMONMN,UP4,AERmon,drybc,CMIP6-core
m01s38i222,DALLTH,TMONMN,UP4,AERmon,drybc,CMIP6-core
m01s38i223,DALLTH,TMONMN,UP4,AERmon,drybc,CMIP6-core
m01s38i224,DALLTH,TMONMN,UP4,AERmon,dryoa,CMIP6-core
m01s38i225,DALLTH,TMONMN,UP4,AERmon,dryoa,CMIP6-core
m01s38i226,DALLTH,TMONMN,UP4,AERmon,dryoa,CMIP6-core
m01s38i227,DALLTH,TMONMN,UP4,AERmon,dryoa,CMIP6-core
m01s38i228,DALLTH,TMONMN,UP4,AERmon,dryoa,CMIP6-core
m01s38i238,DALLTH,TMONMN,UP4,AERmon,wetso4,CMIP6-core
m01s38i239,DALLTH,TMONMN,UP4,AERmon,wetso4,CMIP6-core
m01s38i240,DALLTH,TMONMN,UP4,AERmon,wetso4,CMIP6-core
m01s38i241,DALLTH,TMONMN,UP4,AERmon,wetss,CMIP6-core
m01s38i242,DALLTH,TMONMN,UP4,AERmon,wetss,CMIP6-core
m01s38i243,DALLTH,TMONMN,UP4,AERmon,wetbc,CMIP6-core
m01s38i244,DALLTH,TMONMN,UP4,AERmon,wetbc,CMIP6-core
m01s38i245,DALLTH,TMONMN,UP4,AERmon,wetbc,CMIP6-core
m01s38i248,DALLTH,TMONMN,UP4,AERmon,wetoa,CMIP6-core
m01s38i249,DALLTH,TMONMN,UP4,AERmon,wetoa,CMIP6-core
m01s38i250,DALLTH,TMONMN,UP4,AERmon,wetoa,CMIP6-core
m01s38i261,DALLTH,TMONMN,UP4,AERmon,wetso4,CMIP6-core
m01s38i262,DALLTH,TMONMN,UP4,AERmon,wetso4,CMIP6-core
m01s38i263,DALLTH,TMONMN,UP4,AERmon,wetso4,CMIP6-core
m01s38i264,DALLTH,TMONMN,UP4,AERmon,wetso4,CMIP6-core
m01s38i265,DALLTH,TMONMN,UP4,AERmon,wetss,CMIP6-core
m01s38i267,DALLTH,TMONMN,UP4,AERmon,wetbc,CMIP6-core
m01s38i268,DALLTH,TMONMN,UP4,AERmon,wetbc,CMIP6-core
m01s38i269,DALLTH,TMONMN,UP4,AERmon,wetbc,CMIP6-core
m01s38i270,DALLTH,TMONMN,UP4,AERmon,wetbc,CMIP6-core
m01s38i271,DALLTH,TMONMN,UP4,AERmon,wetoa,CMIP6-core
m01s38i272,DALLTH,TMONMN,UP4,AERmon,wetoa,CMIP6-core
m01s38i273,DALLTH,TMONMN,UP4,AERmon,wetoa,CMIP6-core
m01s38i274,DALLTH,TMONMN,UP4,AERmon,wetoa,CMIP6-core
m01s38i275,DALLTH,TMONMN,UP4,AERmon,wetoa,CMIP6-core
m01s38i285,DALLTH,TMONMN,UP4,AERmon,cheaqpso4,CMIP6-N96HGM3
m01s38i286,DALLTH,TMONMN,UP4,AERmon,cheaqpso4,CMIP6-N96HGM3
m01s38i288,DALLTH,TMONMN,UP4,AERmon,cheaqpso4,CMIP6-N96HGM3
m01s38i289,DALLTH,TMONMN,UP4,AERmon,cheaqpso4,CMIP6-N96HGM3
m01s38i301,DALLTH,TMONMN,UP4,AERmon,emioa,CMIP6-core
m01s38i302,DALLTH,TMONMN,UP4,AERmon,emioa,CMIP6-core
m01s38i303,DALLTH,TMONMN,UP4,AERmon,emioa,CMIP6-core
m01s38i304,DALLTH,TMONMN,UP4,AERmon,emioa,CMIP6-core
m01s38i305,DALLTH,TMONMN,UP4,AERmon,emioa,CMIP6-core
m01s38i485,DALLTH,TMONMN,UP5,Emon,sconcso4,CMIP6-N96HGM3
m01s38i486,DALLTH,TMONMN,UP5,Emon,sconcso4,CMIP6-N96HGM3
m01s38i487,DALLTH,TMONMN,UP5,Emon,sconcso4,CMIP6-N96HGM3
m01s38i488,DALLTH,TMONMN,UP5,Emon,sconcso4,CMIP6-N96HGM3
m01s38i498,DALLTH,TMONMN,UP5,Emon,sconcss,CMIP6-N96HGM3
m01s38i499,DALLTH,TMONMN,UP5,Emon,sconcss,CMIP6-N96HGM3
m01s38i504,DALLTH,TMONMN,UP5,Emon,conccn,CMIP6-N96HGM3
m01s38i504,DALLTH,TMONMN,UP5,Emon,concnmcn,CMIP6-N96HGM3
m01s38i505,DALLTH,TMONMN,UP5,Emon,conccn,CMIP6-N96HGM3
m01s38i506,DALLTH,TMONMN,UP5,Emon,conccn,CMIP6-N96HGM3
m01s38i507,DALLTH,TMONMN,UP5,Emon,conccmcn,CMIP6-N96HGM3
m01s38i507,DALLTH,TMONMN,UP5,Emon,conccn,CMIP6-N96HGM3
m01s38i508,DALLTH,TMONMN,UP5,Emon,conccn,CMIP6-N96HGM3
m01s38i510,DALLTH,TMONMN,UP5,Emon,conccmcn,CMIP6-N96HGM3
m01s38i520,DIAG,TDAYMN,UP6,Eday,loadso4,CMIP6-N96HGM3
m01s38i520,DIAG,TMONMN,UP5,Emon,loadso4,CMIP6-N96HGM3
m01s38i525,DIAG,TDAYMN,UP6,Eday,loadbc,CMIP6-N96HGM3
m01s38i531,DIAG,TDAYMN,UP6,Eday,loadoa,CMIP6-N96HGM3
m01s38i539,DIAG,TDAYMN,UP6,Eday,loadss,CMIP6-N96HGM3
m01s38i539,DIAG,TMONMN,UP5,Emon,loadss,CMIP6-N96HGM3
m01s38i545,DALLTH,TMONMN,UP4,AERmon,mmraerh2o,CMIP6-N96HGM3
m01s38i905,DIAG,TMONMN,UP4,AERmon,wetso4,CMIP6-core
m01s38i906,DIAG,TMONMN,UP4,AERmon,wetbc,CMIP6-core
m01s38i907,DIAG,TMONMN,UP4,AERmon,wetoa,CMIP6-core
m01s38i911,DIAG,TMONMN,UP4,AERmon,wetso4,CMIP6-core
m01s38i912,DIAG,TMONMN,UP4,AERmon,wetbc,CMIP6-core
m01s38i913,DIAG,TMONMN,UP4,AERmon,wetoa,CMIP6-core
m01s38i914,DIAG,TMONMN,UP4,AERmon,wetss,CMIP6-core
m01s38i920,DIAG,TMONMN,UP4,AERmon,wetso4,CMIP6-core
m01s38i921,DIAG,TMONMN,UP4,AERmon,wetbc,CMIP6-core
m01s38i922,DIAG,TMONMN,UP4,AERmon,wetoa,CMIP6-core
m01s38i923,DIAG,TMONMN,UP4,AERmon,wetss,CMIP6-core
m01s50i001,DALLTH,TMONMN,UP4,AERmon,o3prod,CMIP6-N96HGM3
m01s50i003,DALLTH,TMONMN,UP4,AERmon,o3prod,CMIP6-N96HGM3
m01s50i011,DALLTH,TMONMN,UP4,AERmon,o3loss,CMIP6-N96HGM3
m01s50i013,DALLTH,TMONMN,UP4,AERmon,o3loss,CMIP6-N96HGM3
m01s50i014,DALLTH,TMONMN,UP4,AERmon,o3loss,CMIP6-N96HGM3
m01s50i015,DALLTH,TMONMN,UP4,AERmon,o3loss,CMIP6-N96HGM3
m01s50i062,DALLTH,TMONMN,UP4,AERmon,tropoz,CMIP6-core
m01s50i063,DALLTH,TMONMN,UP4,AERmon,airmass,CMIP6-N96HGM3
m01s50i063,DALLTH,TMONMN,UP4,AERmon,tropoz,CMIP6-core
m01s50i063,DALLTH,TMONMN,UP5,Amon,cfc11global,CMIP6-core
m01s50i063,DALLTH,TMONMN,UP5,Amon,cfc12global,CMIP6-core
m01s50i063,DALLTH,TMONMN,UP5,Amon,ch4global,CMIP6-core
m01s50i063,DALLTH,TMONMN,UP5,Amon,ch4globalClim,CMIP6-core
m01s50i063,DALLTH,TMONMN,UP5,Amon,n2oglobal,CMIP6-core
m01s50i063,DALLTH,TMONMN,UP5,Amon,n2oglobalClim,CMIP6-core
m01s50i071,DALLTH,TMONMN,UP4,AERmon,lossco,CMIP6-N96HGM3
m01s50i081,DALLTH,TMONMN,UP4,AERmon,emilnox,CMIP6-N96HGM3
m01s50i082,DIAG,TMONMN,UP5,Emon,flashrate,CMIP6-N96HGM3
m01s50i103,DALLTH,TMONMN,UP4,AERmon,o3prod,CMIP6-N96HGM3
m01s50i131,DALLTH,TMONMN,UP4,AERmon,dryo3,CMIP6-core
m01s50i150,DALLTH,TMONMN,UP4,AERmon,chegpso4,CMIP6-N96HGM3
m01s50i154,DALLTH,TMONMN,UP4,AERmon,dryso2,CMIP6-core
m01s50i155,DALLTH,TMONMN,UP4,AERmon,wetso2,CMIP6-core
m01s50i156,DIAG,TMONMN,UP4,AERmon,eminox,CMIP6-core
m01s50i158,DIAG,TMONMN,UP4,AERmon,emico,CMIP6-core
m01s50i159,DIAG,TMONMN,UP4,AERmon,emivoc,CMIP6-core
m01s50i160,DIAG,TMONMN,UP4,AERmon,emivoc,CMIP6-core
m01s50i161,DIAG,TMONMN,UP4,AERmon,emivoc,CMIP6-core
m01s50i162,DIAG,TMONMN,UP4,AERmon,emivoc,CMIP6-core
m01s50i163,DIAG,TMONMN,UP4,AERmon,emivoc,CMIP6-core
m01s50i172,DALLTH,TMONMN,UP4,AERmon,eminox,CMIP6-core
m01s50i212,DIAG,TMONMN,UP4,AERmon,emivoc,CMIP6-core
m01s50i214,DIAG,TMONMN,UP4,AERmon,emidms,CMIP6-core
m01s50i214,DIAG,TMONMN,UP5,Omon,fgdms,CMIP6-core
m01s50i215,DIAG,TMONMN,UP4,AERmon,emiso2,CMIP6-core
m01s50i216,DIAG,TMONMN,UP4,AERmon,emiso2,CMIP6-core
m01s50i217,DALLTH,TMONMN,UP4,AERmon,emiso2,CMIP6-core
m01s50i219,DALLTH,TDAYMN,UP6,AERday,toz,CMIP6-N96HGM3
m01s50i219,DALLTH,TMONMN,UP4,AERmon,toz,CMIP6-core
m01s50i228,DALLTH,TMONMN,UP4,AERmon,photo1d,CMIP6-N96HGM3
m01s50i229,DALLTH,TMONMN,UP4,AERmon,jno2,CMIP6-N96HGM3
m01s50i247,DALLTH,TMONMN,UP4,AERmon,lossch4,CMIP6-N96HGM3
m01s50i255,DALLTH,TDAYMN,UP6,Eday,loaddust,CMIP6-N96HGM3
m01s50i255,DALLTH,TMONMN,UP4,AERmon,lossch4,CMIP6-N96HGM3
m01s50i255,DALLTH,TMONMN,UP4,AERmon,lossco,CMIP6-N96HGM3
m01s50i255,DALLTH,TMONMN,UP4,AERmon,o3loss,CMIP6-N96HGM3
m01s50i255,DALLTH,TMONMN,UP4,AERmon,o3prod,CMIP6-N96HGM3
m01s50i255,DALLTH,TMONMN,UP5,Emon,loaddust,CMIP6-N96HGM3
m01s50i300,DIAG,TMONMN,UP4,AERmon,emivoc,CMIP6-core
m01s50i301,DIAG,TMONMN,UP4,AERmon,emivoc,CMIP6-core
m01s51i001,PLEV19,TMONMN,UP5,Amon,o3,CMIP6-core
m01s51i001,PLEV19,TMONMN,UP5,Amon,o3Clim,CMIP6-core
m01s51i001,PLEV39Z,TMONMN,UP4,AERmonZ,o3,CMIP6-N96HGM3
m01s51i001,PLEV39Z,TMONMN,UP5,EmonZ,vmrox,CMIP6-N96HGM3
m01s51i002,PLEV39Z,TMONMN,UP4,AERmonZ,noy,CMIP6-N96HGM3
m01s51i003,PLEV39Z,TMONMN,UP4,AERmonZ,noy,CMIP6-N96HGM3
m01s51i005,PLEV39Z,TMONMN,UP4,AERmonZ,noy,CMIP6-N96HGM3
m01s51i006,PLEV39Z,TMONMN,UP4,AERmonZ,noy,CMIP6-N96HGM3
m01s51i007,PLEV39Z,TMONMN,UP4,AERmonZ,hno3,CMIP6-N96HGM3
m01s51i007,PLEV39Z,TMONMN,UP4,AERmonZ,noy,CMIP6-N96HGM3
m01s51i009,PLEV19,TMONMN,UP5,Amon,ch4,CMIP6-core
m01s51i009,PLEV19,TMONMN,UP5,Amon,ch4Clim,CMIP6-core
m01s51i009,PLEV39Z,TMONMN,UP4,AERmonZ,ch4,CMIP6-N96HGM3
m01s51i013,PLEV39Z,TMONMN,UP4,AERmonZ,noy,CMIP6-N96HGM3
m01s51i025,PLEV39Z,TMONMN,UP4,AERmonZ,noy,CMIP6-N96HGM3
m01s51i041,PLEV39Z,TMONMN,UP4,AERmonZ,cly,CMIP6-N96HGM3
m01s51i042,PLEV39Z,TMONMN,UP4,AERmonZ,cly,CMIP6-N96HGM3
m01s51i043,PLEV39Z,TMONMN,UP4,AERmonZ,cly,CMIP6-N96HGM3
m01s51i044,PLEV39Z,TMONMN,UP4,AERmonZ,cly,CMIP6-N96HGM3
m01s51i045,PLEV39Z,TMONMN,UP4,AERmonZ,bry,CMIP6-N96HGM3
m01s51i047,PLEV39Z,TMONMN,UP4,AERmonZ,bry,CMIP6-N96HGM3
m01s51i047,PLEV39Z,TMONMN,UP4,AERmonZ,cly,CMIP6-N96HGM3
m01s51i048,PLEV39Z,TMONMN,UP4,AERmonZ,bry,CMIP6-N96HGM3
m01s51i048,PLEV39Z,TMONMN,UP4,AERmonZ,noy,CMIP6-N96HGM3
m01s51i049,PLEV19,TMONMN,UP5,Amon,n2o,CMIP6-core
m01s51i049,PLEV19,TMONMN,UP5,Amon,n2oClim,CMIP6-core
m01s51i049,PLEV39Z,TMONMN,UP4,AERmonZ,n2o,CMIP6-N96HGM3
m01s51i051,PLEV39Z,TMONMN,UP4,AERmonZ,cly,CMIP6-N96HGM3
m01s51i052,PLEV39Z,TMONMN,UP4,AERmonZ,bry,CMIP6-N96HGM3
m01s51i053,PLEV39Z,TMONMN,UP4,AERmonZ,bry,CMIP6-N96HGM3
m01s51i054,PLEV39Z,TMONMN,UP4,AERmonZ,cly,CMIP6-N96HGM3
m01s51i054,PLEV39Z,TMONMN,UP4,AERmonZ,noy,CMIP6-N96HGM3
m01s51i055,PLEV39Z,TMONMN,UP4,AERmonZ,cly,CMIP6-N96HGM3
m01s51i056,PLEV39Z,TMONMN,UP4,AERmonZ,cly,CMIP6-N96HGM3
m01s51i057,PLEV39Z,TMONMN,UP4,AERmonZ,bry,CMIP6-N96HGM3
m01s51i058,PLEV39Z,TMONMN,UP4,AERmonZ,noy,CMIP6-N96HGM3
m01s51i082,PLEV39Z,TMONMN,UP4,AERmonZ,ho2,CMIP6-N96HGM3
m01s51i150,PLEV39Z,TMONMN,UP4,AERmonZ,meanage,CMIP6-core
m01s51i992,PLEV39Z,TMONMN,UP4,AERmonZ,cly,CMIP6-N96HGM3
m01s51i994,PLEV39Z,TMONMN,UP4,AERmonZ,bry,CMIP6-N96HGM3
m01s51i995,PLEV39Z,TMONMN,UP4,AERmonZ,oh,CMIP6-N96HGM3
m01s51i996,PLEV39Z,TMONMN,UP4,AERmonZ,noy,CMIP6-N96HGM3
m01s51i997,PLEV39Z,TMONMN,UP5,EmonZ,vmrox,CMIP6-N96HGM3
m01s51i998,PLEV39Z,TMONMN,UP5,EmonZ,vmrox,CMIP6-N96HGM3
m01s51i999,PLEV19,TMONMN,UP5,Amon,ch4,CMIP6-core
m01s51i999,PLEV19,TMONMN,UP5,Amon,ch4Clim,CMIP6-core
m01s51i999,PLEV19,TMONMN,UP5,Amon,n2o,CMIP6-core
m01s51i999,PLEV19,TMONMN,UP5,Amon,n2oClim,CMIP6-core
m01s51i999,PLEV19,TMONMN,UP5,Amon,o3,CMIP6-core
m01s51i999,PLEV19,TMONMN,UP5,Amon,o3Clim,CMIP6-core
m01s51i999,PLEV39Z,TMONMN,UP4,AERmonZ,ch4,CMIP6-N96HGM3
m01s51i999,PLEV39Z,TMONMN,UP4,AERmonZ,cly,CMIP6-N96HGM3
m01s51i999,PLEV39Z,TMONMN,UP4,AERmonZ,hcl,CMIP6-N96HGM3
m01s51i999,PLEV39Z,TMONMN,UP4,AERmonZ,hno3,CMIP6-N96HGM3
m01s51i999,PLEV39Z,TMONMN,UP4,AERmonZ,ho2,CMIP6-N96HGM3
m01s51i999,PLEV39Z,TMONMN,UP4,AERmonZ,meanage,CMIP6-core
m01s51i999,PLEV39Z,TMONMN,UP4,AERmonZ,n2o,CMIP6-N96HGM3
m01s51i999,PLEV39Z,TMONMN,UP4,AERmonZ,noy,CMIP6-N96HGM3
m01s51i999,PLEV39Z,TMONMN,UP4,AERmonZ,o3,CMIP6-N96HGM3
m01s51i999,PLEV39Z,TMONMN,UP5,EmonZ,jo2,CMIP6-N96HGM3
m01s51i999,PLEV39Z,TMONMN,UP5,EmonZ,jo3,CMIP6-N96HGM3
m01s51i999,PLEV39Z,TMONMN,UP5,EmonZ,vmrox,CMIP6-N96HGM3
m01s52i245,PLEV39Z,TMONMN,UP5,EmonZ,jo2,CMIP6-N96HGM3
m01s52i246,PLEV39Z,TMONMN,UP5,EmonZ,jo3,CMIP6-N96HGM3
